-- MySQL dump 10.13  Distrib 8.0.23, for Win64 (x86_64)
--
-- Host: localhost    Database: biblioteca
-- ------------------------------------------------------
-- Server version	8.0.23

/*!40101 SET @OLD_CHARACTER_SET_CLIENT=@@CHARACTER_SET_CLIENT */;
/*!40101 SET @OLD_CHARACTER_SET_RESULTS=@@CHARACTER_SET_RESULTS */;
/*!40101 SET @OLD_COLLATION_CONNECTION=@@COLLATION_CONNECTION */;
/*!50503 SET NAMES utf8 */;
/*!40103 SET @OLD_TIME_ZONE=@@TIME_ZONE */;
/*!40103 SET TIME_ZONE='+00:00' */;
/*!40014 SET @OLD_UNIQUE_CHECKS=@@UNIQUE_CHECKS, UNIQUE_CHECKS=0 */;
/*!40014 SET @OLD_FOREIGN_KEY_CHECKS=@@FOREIGN_KEY_CHECKS, FOREIGN_KEY_CHECKS=0 */;
/*!40101 SET @OLD_SQL_MODE=@@SQL_MODE, SQL_MODE='NO_AUTO_VALUE_ON_ZERO' */;
/*!40111 SET @OLD_SQL_NOTES=@@SQL_NOTES, SQL_NOTES=0 */;

--
-- Table structure for table `autor`
--

DROP TABLE IF EXISTS `autor`;
/*!40101 SET @saved_cs_client     = @@character_set_client */;
/*!50503 SET character_set_client = utf8mb4 */;
CREATE TABLE `autor` (
  `id` int NOT NULL AUTO_INCREMENT,
  `nombre` varchar(45) NOT NULL,
  `apellido` varchar(45) NOT NULL,
  PRIMARY KEY (`id`)
) ENGINE=InnoDB AUTO_INCREMENT=15 DEFAULT CHARSET=utf8mb4 COLLATE=utf8mb4_0900_ai_ci;
/*!40101 SET character_set_client = @saved_cs_client */;

--
-- Dumping data for table `autor`
--

LOCK TABLES `autor` WRITE;
/*!40000 ALTER TABLE `autor` DISABLE KEYS */;
INSERT INTO `autor` VALUES (2,'Analia','Martinez'),(3,'Maria Elena','Walsh'),(4,'Horacio','Quiroga'),(5,'Gabriel','Garcia Marquez'),(6,'Jorge Luis','Borges'),(7,'Julio','Cortazar'),(13,'Juan','Perez'),(14,'H.P','Lovecraft');
/*!40000 ALTER TABLE `autor` ENABLE KEYS */;
UNLOCK TABLES;

--
-- Table structure for table `autor_libro`
--

DROP TABLE IF EXISTS `autor_libro`;
/*!40101 SET @saved_cs_client     = @@character_set_client */;
/*!50503 SET character_set_client = utf8mb4 */;
CREATE TABLE `autor_libro` (
  `idAutor` int NOT NULL,
  `idLibro` int NOT NULL,
  PRIMARY KEY (`idAutor`,`idLibro`),
  KEY `FK_libro_idx` (`idLibro`),
  CONSTRAINT `FK_autor` FOREIGN KEY (`idAutor`) REFERENCES `autor` (`id`) ON DELETE CASCADE ON UPDATE CASCADE,
  CONSTRAINT `FK_libro` FOREIGN KEY (`idLibro`) REFERENCES `libro` (`id`) ON DELETE CASCADE ON UPDATE CASCADE
) ENGINE=InnoDB DEFAULT CHARSET=utf8mb4 COLLATE=utf8mb4_0900_ai_ci;
/*!40101 SET character_set_client = @saved_cs_client */;

--
-- Dumping data for table `autor_libro`
--

LOCK TABLES `autor_libro` WRITE;
/*!40000 ALTER TABLE `autor_libro` DISABLE KEYS */;
INSERT INTO `autor_libro` VALUES (4,1),(3,2),(14,22);
/*!40000 ALTER TABLE `autor_libro` ENABLE KEYS */;
UNLOCK TABLES;

--
-- Table structure for table `categoria`
--

DROP TABLE IF EXISTS `categoria`;
/*!40101 SET @saved_cs_client     = @@character_set_client */;
/*!50503 SET character_set_client = utf8mb4 */;
CREATE TABLE `categoria` (
  `id` int NOT NULL AUTO_INCREMENT,
  `descripcion` varchar(45) NOT NULL,
  PRIMARY KEY (`id`)
) ENGINE=InnoDB AUTO_INCREMENT=13 DEFAULT CHARSET=utf8mb4 COLLATE=utf8mb4_0900_ai_ci;
/*!40101 SET character_set_client = @saved_cs_client */;

--
-- Dumping data for table `categoria`
--

LOCK TABLES `categoria` WRITE;
/*!40000 ALTER TABLE `categoria` DISABLE KEYS */;
INSERT INTO `categoria` VALUES (1,'Infantil'),(2,'Policial'),(11,'Terror'),(12,'Ciencia Ficcion');
/*!40000 ALTER TABLE `categoria` ENABLE KEYS */;
UNLOCK TABLES;

--
-- Table structure for table `cliente`
--

DROP TABLE IF EXISTS `cliente`;
/*!40101 SET @saved_cs_client     = @@character_set_client */;
/*!50503 SET character_set_client = utf8mb4 */;
CREATE TABLE `cliente` (
  `id` int NOT NULL AUTO_INCREMENT,
  `nombre` varchar(45) NOT NULL,
  `apellido` varchar(45) NOT NULL,
  `user` varchar(45) NOT NULL,
  `password` varchar(45) NOT NULL,
  `domicilio` varchar(45) NOT NULL,
  `telefono` varchar(45) NOT NULL,
  `email` varchar(45) NOT NULL,
  `fechaInscripcion` varchar(45) NOT NULL,
  `idLocalidad` int NOT NULL,
  `isAdmin` tinyint DEFAULT NULL,
  `estado` varchar(45) DEFAULT NULL,
  PRIMARY KEY (`id`),
  KEY `idLocalidad_idx` (`idLocalidad`),
  CONSTRAINT `idLocalidad` FOREIGN KEY (`idLocalidad`) REFERENCES `localidad` (`id`) ON DELETE CASCADE ON UPDATE CASCADE
) ENGINE=InnoDB AUTO_INCREMENT=16 DEFAULT CHARSET=utf8mb4 COLLATE=utf8mb4_0900_ai_ci;
/*!40101 SET character_set_client = @saved_cs_client */;

--
-- Dumping data for table `cliente`
--

LOCK TABLES `cliente` WRITE;
/*!40000 ALTER TABLE `cliente` DISABLE KEYS */;
INSERT INTO `cliente` VALUES (1,'Roberto','Gutierrez','robertito','holabombon','Juan B Justo 2560','3464 562147','elRobert@gmail.com','2020-12-02',2,1,'habilitado'),(2,'Julieta','Carracedo','julicarrace2','laScaloneta','Belgrano 526','341 694712','juliCarracedo@gmail.com','2019-05-08',3,0,'habilitado'),(3,'Ernesto','Valverde','elErnest','ernestito456','Av.Centenario 433','341156799','ernestito@gmail.com','2021-12-05',4,0,'habilitado');
/*!40000 ALTER TABLE `cliente` ENABLE KEYS */;
UNLOCK TABLES;

--
-- Table structure for table `comentarios_libro`
--

DROP TABLE IF EXISTS `comentarios_libro`;
/*!40101 SET @saved_cs_client     = @@character_set_client */;
/*!50503 SET character_set_client = utf8mb4 */;
CREATE TABLE `comentarios_libro` (
  `idLibro` int NOT NULL,
  `idCliente` int NOT NULL,
  `fecha` datetime NOT NULL,
  `comentario` text NOT NULL,
  `calificacion` int NOT NULL,
  PRIMARY KEY (`idLibro`,`idCliente`,`fecha`),
  KEY `FK_clente_idx` (`idCliente`),
  CONSTRAINT `FK_clente` FOREIGN KEY (`idCliente`) REFERENCES `cliente` (`id`) ON DELETE CASCADE ON UPDATE CASCADE,
  CONSTRAINT `FK_lebros` FOREIGN KEY (`idLibro`) REFERENCES `libro` (`id`) ON DELETE CASCADE ON UPDATE CASCADE
) ENGINE=InnoDB DEFAULT CHARSET=utf8mb4 COLLATE=utf8mb4_0900_ai_ci;
/*!40101 SET character_set_client = @saved_cs_client */;

--
-- Dumping data for table `comentarios_libro`
--

LOCK TABLES `comentarios_libro` WRITE;
/*!40000 ALTER TABLE `comentarios_libro` DISABLE KEYS */;
INSERT INTO `comentarios_libro` VALUES (1,1,'2022-01-03 00:00:00','ta weno che',4),(1,1,'2022-01-03 12:36:57','asdadds',5),(1,2,'2022-01-05 18:36:39','dsadada',5);
/*!40000 ALTER TABLE `comentarios_libro` ENABLE KEYS */;
UNLOCK TABLES;

--
-- Table structure for table `editorial`
--

DROP TABLE IF EXISTS `editorial`;
/*!40101 SET @saved_cs_client     = @@character_set_client */;
/*!50503 SET character_set_client = utf8mb4 */;
CREATE TABLE `editorial` (
  `id` int NOT NULL AUTO_INCREMENT,
  `nombre` varchar(45) NOT NULL,
  PRIMARY KEY (`id`)
) ENGINE=InnoDB AUTO_INCREMENT=5 DEFAULT CHARSET=utf8mb4 COLLATE=utf8mb4_0900_ai_ci;
/*!40101 SET character_set_client = @saved_cs_client */;

--
-- Dumping data for table `editorial`
--

LOCK TABLES `editorial` WRITE;
/*!40000 ALTER TABLE `editorial` DISABLE KEYS */;
INSERT INTO `editorial` VALUES (1,'Santillana'),(2,'Mc Millan'),(3,'Planeta');
/*!40000 ALTER TABLE `editorial` ENABLE KEYS */;
UNLOCK TABLES;

--
-- Table structure for table `libro`
--

DROP TABLE IF EXISTS `libro`;
/*!40101 SET @saved_cs_client     = @@character_set_client */;
/*!50503 SET character_set_client = utf8mb4 */;
CREATE TABLE `libro` (
  `id` int NOT NULL AUTO_INCREMENT,
  `titulo` varchar(45) NOT NULL,
  `descripcion` varchar(1000) NOT NULL,
  `nroEdicion` int NOT NULL,
  `fechaEdicion` date NOT NULL,
  `dimensiones` varchar(45) NOT NULL,
  `paginas` int NOT NULL,
  `stock` int NOT NULL,
  `precio` double NOT NULL,
  `idEditorial` int NOT NULL,
  `idCategoria` int NOT NULL,
  `imagen` longblob,
  PRIMARY KEY (`id`),
  KEY `idEditorial_idx` (`idEditorial`),
  KEY `FK_CAtegoria_idx` (`idCategoria`),
  CONSTRAINT `FK_CAtegoria` FOREIGN KEY (`idCategoria`) REFERENCES `categoria` (`id`) ON DELETE CASCADE ON UPDATE CASCADE,
  CONSTRAINT `FK_EDitorial` FOREIGN KEY (`idEditorial`) REFERENCES `editorial` (`id`) ON DELETE CASCADE ON UPDATE CASCADE
) ENGINE=InnoDB AUTO_INCREMENT=23 DEFAULT CHARSET=utf8mb4 COLLATE=utf8mb4_0900_ai_ci;
/*!40101 SET character_set_client = @saved_cs_client */;

--
-- Dumping data for table `libro`
--

LOCK TABLES `libro` WRITE;
/*!40000 ALTER TABLE `libro` DISABLE KEYS */;
INSERT INTO `libro` VALUES (1,'Cuentos de la Selva','cuentos infantiles de primaria',5,'1900-02-16','22x15',200,35,100,2,1,''),(2,'Manuelita la Tortuga','cuentos para el jardin',12,'1970-12-06','24x14',32,12,76,1,1,''),(22,'El templo','Narra la historia de Karl Heinrich, capitán de la Armada Imperial Alemana durante la Primera Guerra Mundial, cuyo submarino descubre una misteriosa ciudad sumergida en el fondo del océano',1,'1925-07-22','2x2',200,9,50,3,11,_binary '\\\0JFIF\0\0H\0H\0\0\\0xExif\0\0II*\0\0\0\0\0\0\0\0\0\0\0\01\0\0\0\0>\0\0\0\0\0\0\0\0\0i\0\0\0\0F\0\0\0\0\0\0\0Google\0\0\0\0\0\0\0\00220\0\0\0\0l\0\0\0\0\0\0J\0\0\0\0\0\0\XICC_PROFILE\0\0\0HLino\0\0mntrRGB XYZ \\0\0	\0\01\0\0acspMSFT\0\0\0\0IEC sRGB\0\0\0\0\0\0\0\0\0\0\0\0\0\\0\0\0\0\0\-HP  \0\0\0\0\0\0\0\0\0\0\0\0\0\0\0\0\0\0\0\0\0\0\0\0\0\0\0\0\0\0\0\0\0\0\0\0\0\0\0\0\0\0\0\0\0\0\0cprt\0\0P\0\0\03desc\0\0\0\0\0lwtpt\0\0\0\0\0bkpt\0\0\0\0\0rXYZ\0\0\0\0\0gXYZ\0\0,\0\0\0bXYZ\0\0@\0\0\0dmnd\0\0T\0\0\0pdmdd\0\0\\0\0\0vued\0\0L\0\0\0view\0\0\\0\0\0$lumi\0\0\0\0\0meas\0\0\0\0\0$tech\0\00\0\0\0rTRC\0\0<\0\0gTRC\0\0<\0\0bTRC\0\0<\0\0text\0\0\0\0Copyright (c) 1998 Hewlett-Packard Company\0\0desc\0\0\0\0\0\0\0sRGB IEC61966-2.1\0\0\0\0\0\0\0\0\0\0\0sRGB IEC61966-2.1\0\0\0\0\0\0\0\0\0\0\0\0\0\0\0\0\0\0\0\0\0\0\0\0\0\0\0\0\0\0\0\0\0\0\0\0\0\0\0\0\0\0\0\0\0\0\0\0\0\0XYZ \0\0\0\0\0\0Q\0\0\0\0\XYZ \0\0\0\0\0\0\0\0\0\0\0\0\0\0\0\0XYZ \0\0\0\0\0\0o\0\08\0\0XYZ \0\0\0\0\0\0b\0\0\0\0\XYZ \0\0\0\0\0\0$\0\0\0\0\desc\0\0\0\0\0\0\0IEC http://www.iec.ch\0\0\0\0\0\0\0\0\0\0\0IEC http://www.iec.ch\0\0\0\0\0\0\0\0\0\0\0\0\0\0\0\0\0\0\0\0\0\0\0\0\0\0\0\0\0\0\0\0\0\0\0\0\0\0\0\0\0\0\0\0\0\0desc\0\0\0\0\0\0\0.IEC 61966-2.1 Default RGB colour space - sRGB\0\0\0\0\0\0\0\0\0\0\0.IEC 61966-2.1 Default RGB colour space - sRGB\0\0\0\0\0\0\0\0\0\0\0\0\0\0\0\0\0\0\0\0\0\0desc\0\0\0\0\0\0\0,Reference Viewing Condition in IEC61966-2.1\0\0\0\0\0\0\0\0\0\0\0,Reference Viewing Condition in IEC61966-2.1\0\0\0\0\0\0\0\0\0\0\0\0\0\0\0\0\0\0\0\0\0\0\0\0\0\0view\0\0\0\0\0\0_.\0\\0\\\0\0\\\0\0\0XYZ \0\0\0\0\0L	V\0P\0\0\0W\meas\0\0\0\0\0\0\0\0\0\0\0\0\0\0\0\0\0\0\0\0\0\0\0\0\0\0\0\0sig \0\0\0\0CRT curv\0\0\0\0\0\0\0\0\0\0\0\n\0\0\0\0\0#\0(\0-\02\07\0;\0@\0E\0J\0O\0T\0Y\0^\0c\0h\0m\0r\0w\0|\0\0\0\0\0\0\0\0\0\0\0\0\0\0\0\\0\\0\\0\\0\\0\\0\\0\\0\0\0\r%+28>ELRY`gnu|\\\\\&/8AKT]gqz\\\\\0!-8COZfr~\\\\ -;HUcq~\\\\r+:IXgw\\\\'7HYj{\\+=Oat\\2FZn\\		%	:	O	d	y				\	\	\n\n\'\n=\nT\nj\n\n\n\n\\n\\n\"9Qi\\*C\\u\\r\r\r&\r@\rZ\rt\r\r\r\\r\\r.Id\\	%A^z\\	&Ca~\1Om\\&Ed\\#Cc\\\'Ij\4Vx\&Il\Ae\@e\ Ek\\Z\Z*\ZQ\Zw\Z\Z\\Z\;c\*R{\Gp\\@j\>i\  A l  \ !!H!u!!\!\"\'\"U\"\"\"\#\n#8#f##\#$$M$|$$\%	%8%h%%\%&\'&W&&&\\'\'I\'z\'\'\(\r(?(q((\))8)k))\**5*h**\++6+i++\,,9,n,,\--A-v--\..L...\/$/Z//\/050l00\11J1112*2c22\3\r3F3334+4e44\55M55\5676r66\7$7`77\88P88\99B999:6:t::\;-;k;;\<\'<e<<\=\"=a==\> >`>>\?!?a??\@#@d@@\A)AjAA\B0BrBBC:C}CDDGDD\EEUEE\F\"FgFFG5G{GHHKHH\IIcIIJ7J}J\KKSKK\L*LrLMMJMM\N%NnNO\0OIOO\P\'PqPQQPQQ\R1R|R\SS_SSTBTT\U(UuU\VV\\VVWDWW\X/X}X\Y\ZYiYZZVZZ[E[[\\\5\\\\\]\']x]\^\Z^l^__a_``W``aOaabIbbcCcc\d@dd\e=ee\f=ff\g=gg\h?hh\iCiijHjjkOkklWlmm`mnnkn\ooxo\p+pp\q:qqrKrss]sttpt\u(uu\v>vvwVwxxnx\y*yy\zFz{{c{\|!||\}A}~~b~\#\G\nk͂0W\Grׇ;iΉ3dʋ0cʍ1fΏ6n֑?z\M _ɖ4\nu\L$h՛BdҞ@iءG&v\Vǥ8\Zn\Rĩ7u\\\ЭD-\0u\`ֲK³8%yh\YѹJº;.!\nzp\g\\_\\\X\\\Q\\\K\\\F\\\Aǿ\=ȼ\:ɹ\8ʷ\6˶\5̵\5͵\6ζ\7ϸ\9к\<Ѿ\?\\D\\\I\\\N\\\U\\\\\\\\d\\\l\\v\ۀ\܊\ݖ\ޢ\)߯\6\\D\\\S\\\c\\\s\\\\r\\\\2\\F\\\[\\\p\\\\\(\\@\\X\r4\P\m8\W\w)K\m\\0C\0		\n\n\r\n\n	\r\\0C\0Jl\"\0\\0\0\0\0\0\0\0\0\0\0\0	\n\\0\0\0\0}\0!1AQa\"q2#BR\$3br	\n\Z%&\'()*456789:CDEFGHIJSTUVWXYZcdefghijstuvwxyz\\\\\\\\\\\\\\\\\\\\\\\\\\\\\\0\0\0\0\0\0\0\0	\n\\0\0\0w\0!1AQaq\"2B	#3Rbr\\n$4\%\Z&\'()*56789:CDEFGHIJSTUVWXYZcdefghijstuvwxyz\\\\\\\\\\\\\\\\\\\\\\\\\\\\\0\0\0?\0UvmR\"*7Xdޕ\qE֣\ԮAw5=\\rE,\J\Jr.\p]Ƌk`#OR<\n@\r>PYүݧ*\\[[\0\0:T\\0$GfکR,\\5\~m\\\nf]\k\i컩cI\Ԓj\.ߖt\hRGQo\\*\@#ig}K,}a]O\n\/E,=\}\	zܿJ\{\q֦J\$M\0\X4N~P<\ԑ\L{\R/4\0oR\4\l\a\޵y֢\U\W1\Od\\\OVCV\}k\΅+\cm NjJ]n?\T\Nи\u7$\*	DxR4,\(>^>\U\8_\m>\xt\	\.oT|7֢o\\ ֙#\>\\\S\}\\Dk\Z\0\S\v4Km\㸬xe<񺴭\Cn\\)hLb\S\K=\\J\\G$\i\\\oli\\\7\ǽtw\"݆}+\\݌\kʪ\68b}#\\\e%ơ\\\=Z\7\n\t;v\Zu6g$wRg.akx\ vle\U1\<CofL\0z9GYI\tی\Gܓ_Bx/\r\[\\?hf\\\2\\z\\ޜȍMʎ\0+W\^o	kWD֭o*f,D\ˁ\	\\+~*\\"ʵ\`;\'\xwBY\\\df|ͷ\\ֵ6\\\\\\v\\p~\H?]\sI\0CUU>RPF	>\0>٢:[;bl,\97\r\n\\=A\Zy[̳2~\bY-_P\\\&>B\\ I&\0\R~\\\ۜ\0Ҵ\i9AxUȏy\xgۚ\gc\b\Cu$\\q$9KeO\eG\pv\tfhա3w	\Ϊ7q\\0f?\\\\u]_\Mi\Zc\\\\l>hm\'\,\]aOq\Rik/u<jK%\\\#\r#]if#a,c?\I\\#H\UlѴ\\̪!sK\	\y\\l\'ۃγ$FXWGB˩m\9ٳ~o\Xw\\\\˷i\c5~g\\v)\\\_\\zbvAdf\W$\m\ɹ\}Gjn\=\r\\/[ʪ۷#{\&n>\Z\w͍V8~f_I!@}\ѸE\`u\Hͺ\'W~\;\J\i|\W\\8V_0}\ةMSI)\-.RK?7#>\U\Z\bP\$s\\Z\\\v\'\\\0k7\k_zYy\/@\ߙ\jn\~\\*Tl\Dl/\ճxoG*ަ\\\nǇ\>)piY<rWڪ\X	w\cA]\˂?PF\ޗ(\\t\NV\\/\f\\\f\=?\:S\\l\nJZ(6S\6~\rW֧H7S\rQ\\n\W֝\Z\\0\\\M4\t\*#zT\*\joրFm\T1Vg⁊j)\\B\\\LC52&\.\§QM\"H\\\i2}G#mzkK\2%ywJWޟwmW??Zi,\"t|T\ۅVG\*ź\8\U\\\0zӛ;W6o4Ȗ\v~_\Y\34_xkj\n唍\9\[\\%\ś\\rS\5mjkHzwsU\Y+9.Lf\T/&\\nCO\N\\>o¤\ň\\~ea-\z\v\\\v\\i\\9dS\\n,r\\]Sٷ57~\\jԁ[`\]j֪޵\\n2sQJ\0S{hM\X.8O\LW\U\V֕\m\Tjܻi/\|߅l\^m\\+ʻ\nډ\Ĭ\ZQu79bq\2\\\\,\\I2\kgҹ@\r\I\\nގ8\U]Z\\}O_\N+V\yv;OzC[\O.\\}I\\c\:g+9-\\㺹g\6<BD8_\\\z#`WԺ/mu\n-\sF\2 _\n7g\nyXӎ\q\=WZ8E<MWSE\\l\\	\\m?w\-\ݣ\n\nL\\_pB}ɧ\\|˷8\\\\#ֽ\׊!\-l\\/$;x\\\2sdnq\\0vT\~\\Fާ1<Q\2ۏ\0Bj,Z+cfR}\\"𥆰²Gn\̳\\\Q]&\\+\=\>$Ԭm,owI\r\mm\T\{&mZ*m?\x,\1n\\\+εU5\rV\\8-	X6\\n\+\0\I!EI#gv>O\Ohs]5̮W,\-\Nɳ\<q]6\Z,aMP|g\\\n\8|0\i\Z\N\Z$$U=\ ʽ#\w5	`\\\\rX\^K㛻wRk\ˆDڲ\\;~h\髧Ǟ\\f\B1\S\\a\{\'D\\Z\5k̟*(\\\"in[x\U1\W}UW9$ѩ\pR5@\zHa,Fk>唲\Z\r,L%)%O\l͢D[t\Rojk欲D\?ަG@m\wLwsMn\*3>\Q\Z{\\5e\_sw\\L)K򊋵<\i\yy\\2}\\0ηlI(\}\\\\Q\\2ԑ\0\r5\h>]\޽\\>D\jMZi\PY)2[\cP<^SzV\\M\2\0Ͷ\S\r\\kq%o\\RU\[櫐\\?1\hHM$\v>/N?\\҈?;U\y)\Y=;S7\)q\P_%_%\n{P5$0\4e\r\U\w#\\ɺrŽju\-ڋxE<0n\dKrv\0eu,P4\>k]\\:b*.\Z\Vӏͻ)\\"N\"67	\?s\w\o#{ԃ\قɞ\\G2\\B3\M@o|\\\m\n|\|W\lw2wgf\ԥ\"\I;Kb\%\Ua\\d\Z\sD\~Z\0z?v\\N\fi\qu\Jꮪz|B_q\rh\0\\\ԑ.\\\i\0ڐ=\0\_f5$wO\0zV/H\\P\\\\SEh&Ťp\\C{\mR#nV\Y-\sZzy\n߅eGJ\rYoJ\\ԉf\\.3Xw\Dւ;\ƫ\(ݝL\Z\\\3MG_\^8c^\	[\\\nI`B\s\N=k\Kif/\\\\\W~͟\Z\[\'M\\Z]&\\r>vŊ\/\\~ּ5\>}n\ڕh\2}k\u~\>\\Z%yݖ㯡/\u\dH\yJ:*oE϶\\\a,m\\R\>b;\#ꫥ\oėys\r\\Fgh@eK\G\\Lu\\\A6IZ;+gR`\|&Ӵ5\\5KQuXd~u\>&\2&\<W_:9\r\\0\\F\Qh\q\\.|\+\@8\o\h_\ۍ/JH\$[UVB7HUr~^юk\uMm\8S|`0F\|\oǟ\rf\餱@\YLQ}*\sW\\g#E\.Ơl)\[]D	B\^\"\s\\{a\\0\\\\7f\\\\]wM\n\#22尧\\\ұICDz\0\ʾCF\1\*\~⸍qc{>F;d\Ӹ\0M\\Zy?*0\\\-վl|\\\Ik\'<ӡ\NF\\7\ɕL{ik-n秥Pnz\Z\"֘bɩ\\\4GA\)k\=\ÑCEZN;\\+zvsw]\\\\c\ڀ\3wmQM-\z[h\\t\7z&@i\1jhm~ZUH1zqW^\p\\̈R\zZqW\rK\}(\'r|\ɹu!v3\\mY7?yO51KcBA\:QC\0*ɰS\Q\\"\R\\\Z}\R*\	Wp\.\VCgn\rPRЄ>\R\\"v\n>&^6Z\\\0u\jͿܩ\$\jp,*H\};\\zQ\\"MM)[Hz\dTDX+V#\MvvyD\*y]j2?Z֒/\\\;\+\gK\M,\+M\)=jܻh1J4\\'\Z\傿ݨ\O0\0z\ J7r$[oZk_+X\ewb2}J@\W,`)lSDLϹn\[Q\z\fʺ֖*\N_\Y\Vpy+[۷%\UG̹〝ҳf\e]\\RiS\Z[]^\\k\.Ṽ\?,{bS\\\\۱R6m)DTs\\YrE\\ZI\\Mw\AC*4mOI\"\Jl+P0n@\i\V\Ʀ\\X\R*tuG\\\4ǹ~\8\'j.S\6(\'q\EK\\Ud\\cޥܺO,sQ\{Ա͵<\dkv\a_(mW!tZ\\\k[\\owQ\}N\\ѷ\56\\x{\X3\c\\\\\\\|Us-\7PoiM\\\\\\6\ܰ뻶}gia?fx\\(ë\<ww\\W\.6G4\b\YHl:)!\3eW6k]R2i\%FܻǸ\\T\N+\\4Q\Sh\ڤ\\\P\\\\uGm\'@\O¼NUkŗ̎݌\\÷\&\0ʧ]j\In\O.\0\W\9և\\\ud\\\<\\ε\.\{Xc>|\yL6N	*\p1Mz\\;x\noC\0\n\r-2Qǘ%\<ޝҼX)qf\\r2\j\\0UK{\8?jm\\i\\v\fD]\\\\\0\z\-x3XCWݤ\ng\;\\\J|7S\zB\\sM\!\Deu\\:ߨ5\	H]U`Ud?GzZ\};\\\\\'\9\\&]p\*u\\G\1\?\Z\\'\&ffbqبfY\\)\xGimw:|\2֮\%aҦ\0G\4\Dm0~G\\\\û=\\0\A\NFH7?1r\\W\v\\j㱭S\[]\EեM\*TV1C/*MCi\U\C\r(s3č\g\n\ڷKrޕ7X3\̨\X{Ҵ~ǵ׽3\\\r)jRGF\Ƒj\as:0ޫj\\\\c\|u-\\C`;u\n*m[~\cR\ZvR|\+s!\\46:*F\tW\\ởZISc\\dn6b\|\\\kNc;;\`\~o^ P\߽?\\Qu;\r*7$Yk}\rykMIX\8ӣa\	\Uw\M\r߅Y`$p1a˚}0dPDR(nj\\\rUăs}\\\\\3Bn#ڭD*ѵ͚>\\?t V`\~MX68p\Ui\?\+y?J5ݷknjm\Hٜ\ݯ\wު%Yd\\\\QY>V\Ur^d۷uZ\"6\\ZIT6Qr\nLm\ҩkڈ\\;\V\Ԃ7E\>P:$/@=)\\Ҝn\ۛf\I\3\\(]۩4?\\\'\Sa\d\n\_5IjeM§\'\OZ5\r\\\0\\j\ZЖ\\\ZT\-^`\0v-\i\\0֛\'\\\\	+\\\Z\\u[o֡JSS \;ir㺤Ays\Za\\\֚͵\\@N\\\\TΪ8lTCl\MB\m\\ɺ.C\\\\}F~nm:t\;\03g\w<U;[|x║zT\jZ\+SO`\rzdV}MZIKU\\FZ%\H\]\\0sҵ}j\\}\\mc>\6@fmE\n\?Xb\6o-[敂8^I]\\0\o\?폆\qI$*СR͗`Y\'\t\k\r-In\0+\^$_ivq\4;Yc\'vy\\\\״_,z>P\0߱p:Ɲ4<|]n\Ch#,\x\\\0Msx;\:\\\\\\"N~oX\(\0h쿹fv!XZ\\|Okso4hT4\ݟOʪZ2hK\Uc_݂\\0kŗ>DL\ں\\\bXN\\5\\mFm۔Ŕ`d\Ͷ>\\֪jU1ƻvt5rF)/g_\\\c\3*-B}B%3M$xP\\\,&kB\\"UKVh\f@_\Q\W\w\nbœAU \C/J\"#v\m \)\\Ɯyc4\](̕9]ne-07ݪ\gWw\L\GQ[𩊆?΅]@\a\\J\d\&<\nݣֽ/\ڞ\HG\O\^h\]BE\&o퉘\d\\\[O\S5Iݩml\-hKm\"]w}G\04\ݫ~S=ڢ5|\&q\nTh\h`\\WǵG#\\Z9\r9 \\J8AQ\	2fL>\V2\h\j;E\;R\!\\\\\}Jk.7\rp\Ն\r[ \\\9\F\"\\\\\\l\\a\\(frTZ̫o\jЂ\]5\36\!\0zUqC\Աe>\j\\iʻvڸҡ-\b\^\̻\wU\'P\-hr1X\v=Tbha\Mso|\0\nRq\\m_UḌ\=\=o\1\]\	\\+\	5B\1#ږƔ\j]\<G\\nX\s i\v;\#vsT-ޤu\63fN;S]\\S6\\M۶/V\\x7~\*EfTz\b _֘8_\"ڄTbH)r\,\\Hmh\0mi\O\Q\y7\Vvm@\"\j2\z7oE\"\\֢[1N\<\\,\rh_D]\FG\5]\H4T*|\Ѵ2tjxn>\pQ!\ޞmWq-S-1gi\oj%$\b6}\\Z\*ۘtq\!e\\Jб\r\m-oJ\L\\Y7\\B֒X8\pk^ݼ{VC${w#\g\\ZfmT7e\Sn$2\"\ŵk))LR\3Arؕ0VU\Z\ңWfec,8\\{s\\\|*h\y=W/\\'@!Gx\a\\.Z!\q?j\N\\J7;=K\d:\)y`\֩\\/u̱\\6&\\\ɊUբ,P\\{z{&\\Fp]3\\̹V\\]c\[fUh#NEĒV\	7\^\']UU\sנ\sբ*\fBX\\-Ϛ6\J2\ᘯ8_V\rsol\_o\Ti:\,j\r\ZڞQ\\I\P,7z\n\1^,\Sb~l{z\ź5v0\\Eu(pB\Vim\U-hf\QjW}\hEV\0R}Ej\\WWuLSvߒ3~\\k=UN\*Wm\0f\oT\Z3D?«_7\P\"D9*D¤J\|\lI\ZZE\^\\0ï\wJp\|3T܃\0\=n[\o\\Q\#mIH\\0C\\9_z|NmC<\ƥ[_r0xRMeS9y~3\\+oh8\=;p\*F\\0\"_ıx\DLbhgc#\\kR\7J\;J0\rњ,-MFA4Q6\\\\r\J\x\'?VHH?QA<\JX\ZpӲ>-T\*lzZbg\AV\ϵA\#ִ`A2\{Uɩ\"dTAz`ev\\V-\|\\'3>bA\a}ń^RP\k\h؜gkԶg\-0jMB\Y\$߯\\hi\nd;hRA>\\\0dڦ5\\c;Y+V\\\n\O\\\\\\̒;H\\\pE$\\\]T\#\bkxXg{U6[mT2۫_ľEd\\VCz\;!\%]^3\\Q\W&fX^\Xa\Aq)]\\\4jᛷJs2\rſd\_Ӡj\AT\6\zPK}jMj쐴\F8\\\q@&\\/Ɋ\\cV.E/}bS_%[o*ɋ(\Xb\(c;g\\0z,\%VZqO\QҺڃ9H\9\ߠ]A\V]J6Ӽ\\@Y\\\MD*ެ)DaT.I\ۙ7tU\>nݍ#IhTY\j\6\r;J\[q-V8\ܛ\̥1\Mݷ/\}\\Shn=J\jW\\n\\S\\_~g\V\\\\܊ww\"5{QaD\\ҐskC\V+2\:\w?\Z77>s2\0\GRX<\hw\\ˏx\\w*\-q[|\zs\EwL+%Č\u\'\\:\l>\\Tc\'\T\-7L\#|\߭EuEŵۜ`:3Ovm\3c?J\\%\\1fW8\SS[4sMY|\q\\PLCX\\\6X\{+R\\\yr#*QW*8\ֹ-&eJ6\s`;vǧ֬&{HZ\ݱz\\r*YI\z\0\^\/\\y\k\so3\m\{=]7\:#Zhh\2\s}ӕ\\npw\\6%:&\~*I\e\i=-ڭgm>\QVMS\Woܨmn\\\0\\\;vZ1g\'ֳڳBЮ~_Nj\|\\\j\ն\PO\n^K_(j8k\\үGk\\N\˗oO1FC\\ȧIp\\ڬlƪ\R*:]X0͌\KR2\\rֳ>W\rOfm\8>Zxx\g\ʠ7j\i\`ߛ֓\'n5~\>Uޟ\TkI1^\y\\)\w_.)o8_ָ`23]*\hfd\}\\:/=q.糜\\aҼry`\0\_?[8t+ۺ\\x3\\\Q\r\\s\\k7\^ح#&9\Qs\;\gn&_^r\r&\-F\+v!o~>Jڱx\|\N+H+}p]\ۍ8|Mn\\0d\{/\)jO\^C\\\Gk_j\\}F\!)\.g\Lٌ֮\\'])ۡ\=\&\7k\)\\\M<Qe3]%ޣ1#\P\֧E\\\0#HVSv=9t\\"Uao8\f\]\֜>rÈ$c\"\\\nr9\[_\\\G\\rXpr>5W_\tP\b5_\S-jh+6̮\`;UҴ#c\0?Ϋ=Iv#<\yϥG\[I?qL\J¹R;r\\v1\V\SכrĶ\\ɕۧ>[jQ\>$\\I\\ƶkop$\rW\\K\GZLdٮ\⏀\@;*\ۨwG)>n\\b*㶆iC\'o\[i㑕K*\u\ߧ?\\[{K\V\\\8U\=͖\\\4[[i?x\\I.f\\',}jbד _X~U$\\]\\Wl\6\n\fR1\E\\(\Z,7o\Z\cU\Mt1\\rAF\jf\Q7RCoET\beoҬ\\\\ZPs]\nF\\zg\;1\U!f\nB\\\}\\Wocҡ[o\-Z?b\N+\a\K\\n\+Nr>\Q%U\^z\\.fګ֒e\nݸ=#Lk;jݻ{ws@\h~\9g5r\Հ\nWn*[{\o|Pf\-\7 $Zfۼ\\OlZh2*&ܩ\ME\ȼ9nalNX\\A\\\\|S}_%~\g\\TkWڴ\Z\ac\0-$%5V\nW\\c֧녒$l)ۻZԶFen:Jn\\\i\*\\v\\rdqE\V\Sr\&\%o\/\+[GA\\y)r)ͥ=z>*\em·\O\D?Jp&J;\T\"\8\cv\շm\Q\ڠ;w\f\=YIZW\\6\F#u\\\\\\˷ᶓO#\7\\\ޔ\ZUf\UWai\!\e$Ih\\.)\\m2\xml\\[4.X\v)\\\\\\T\&WfE2Dҷ\Ya൛\7۴\Z\\On.|\\\\o?\\nÓKh3/\sI7Vɞ\u\խ~\\\\W4(E\\ns\]\}\\\2\\.[\\6ߕw=V\\\wkw(:aWs7\Tn4/Mݼ\Z\\ϴmݱKe\ns\\\b\\\˺>\1`6\U\\\\dX\ES\NG\"{pkZ\T\݊t쯕U\Qڜ杻wˊ,<۳Zz̭	!{V*ꏾѺ,yZ1T\nV% \*G\\w\Y\SW@{\\jľj7EeA7ݣsN^.\USҜ_i?.\~\h*+ѻi\x\piH\Qf\v6\V\fKh3u>uvV\Q-d	|\\W-nn\\\\\"]߅C+n51\⡕wPLWQa\\S\l\e9qX6s\=ݠsӿg\\Z6\4K\m\0o\^\\0#־cӵ9Z\f\\$Aو\}\}_B\\Y\ڶ3\\ehۺ\\sNϙ] Fs\ޯ\"\\n:\\Vfd_F\k\xKzca\n\*CuW]̫\\ufI76hۣ)\>\\\Z!\#.y\Z\Z\h\2)>I\jeTlro!Y\[\wQڳ-\\KFÁ\cX?>\0\0\KO\8N.RD]\\z(\y?xWh\neTe$2\w\\CX\+\\~\\\:Z\G\~1Xҵm>isF\]\\fP6?\5\Z:\!o\^\ΞLAxmj\iX\\=>X»\Z\m\r\{\ϞA8\\\Z\\\%94u<`=J\r\M\Q\0\ ;9z%kmm<LU`\rq\jZ:UHUx>\\NL_\&opZ\y\&~7\0\e`˕\Nk/|G$\j޻|A\=\K{y6d6\\*-\\F%~\Z\ݑXɽ.ɯ:\\-&o\\;`+S\>7\\\\6\\v;A\s\kM\\=yc+\Zь\\bIwn?!T\zVm\Z\rDJ>\\U\ȗ\;\\P\d\$K1*̸;Rۼ]\rǸ\\ڢZ\隚\?>\c\rQس2|j\\\"0Ϊ\k\ݷr\5S\"\\S\'И\KCwzTп\\̻E\\\\nn\\8\n\[N\A\-ŷ\֋+Vݙ?sV\\JC\\gH$\wT\3d\D\b<¤\\d\\\"E\O\[:x\jmF\}ijqՓR\>\>ߗ*\iQ\\0\`\"-\\m&_2wvf\\S6\1ϡ\^n\W,\d1\zc\\0`\\ igvf\\\&\%\OQQ\tҖ\ι{FݞKB,q\rticl\\_B\D#cv)eW6`\r}mUe!ݵ\c:\9#\b\)j\Zuak7Rkk\\V\[&u+2\99>`\Uvy\ i6\\O´-mbibQ>jK_\?\,\\Ki\ (.$f|ݎ\5\*\Ϟ5L^*\eWr	\\{gpn-\tM\2=3XKΩx\N=\\\4t\ZPv\/L\\\+W\Gñ\̻pƺm-Vl갓$RG\eԧGsu\\Zt8\KS{y&h\\\\+SJD\'h\-!\٧.c\;Kr\裯\U⺚\\I}\\<\\՛(ek\֗1U4h\&7&F̮\G\\^\#pN\q=[\1\\*\n\H\pΥ$ݍ\\0эI\זZ=;2\t\fwcbmo\\ԣXV]FX\\X!Cnmn\̞<oTzQ\#f*\0\\>\\m\<\ʸ5\[\,s*F\h\gn7\Z?5j˶iN]}=?.FvZf%ȍNݸ\5joQ\Zn1f\6sIUR\F\{V~uϘ̬\\\pJL\_$<jq\nk.\F1\\\^\]\BI]OOc\1}5|\d\ύ\V%ھB6?\:{֥\\>UwQ\/#\h\5\U\a\Y7\].fܫ\&\*ΈY\?*m\T\\L?)\E-\,EY\Z\r󪝽T!U\mH3u\"\U\"\&Sv5\\v\9qTdFx\\\T%vRGAD\MH%⣎A\\RW%vΫ)Z?\Z\ԣ[\rѲ\6x?\?|\V2d\?\Zq\+:\_._V\5\aƃ=Y\4>Gxd\u\?\nu!aނGH2-\Z\Ǩ\5\|\vo\3M\rҙ192\oq\\m\pV\e1Hf{\Dۿ\n7YL:\Ŝ\[*N\F\(\\|8w\·Ƌ2>F^\\q\\;K\WC׬Zh\tǜm\j\q\t\{t_g<ʑi.\3\i܆Y>ua\\\ﻱ\KYud0̇\@e\\a+\\Z\)iK>\ۓ\OªL:%j\;u\\'2\?\\0\Ӹ\~4x\\^\,th\Ԯ@7\\\~e%rz\\CK;:\\l.\\J\6nxǺ睧\ˠ\E?Ԃ\${\\xtFrQ\\n?\\Z?\\U1	Zx\\\6d~\r]_x_E\\Z;;`K\M\A\\c>ҷ\>a\'#*>PO\O\"<\7`җ\Xcv\\\W+⿋kW#\\oc޼o5\|\,\\|\\\5v=\\~\y#M\/\\\8x\R\k\_ac\\zt\*3=\\\h)\"\+)\\0Oj\\frE9kH鰥8\MNWCbYi\_j\(\~՟qv\]O5e\fm\\\ro?J\A>Q=hįmNgŶmwxJ\\Ȣ\k=l\\\'\+{v&u\L;6:\\Ie浞.\n\ث0E}ݭ\+c_idR}\\kSF\BmKu>gk.~\SLY{0\G{&c36У\\\v\F\ht/\0crBU\ML^\\rL\:8,DJʫu\\Xmۺ\?\r\!x]\^X};\{o͡T_g׽L#Oh0)`B\eX6m͕#u:w6\\\Rkx=ݍԗiu\c\"Φ!$c\x\Jy.\PݞWԖUY{^lm\C?\T\r\c5N\\;6\m]\k8׳<\\5-\$\ᶊ\{\݌\Wx\IlO\\go64\\ZF6S\.U\\r[ݣK~ƭ=~gNh~v\8V-,v\U#\]\\\\XcJ\\usXd\VEX&\3\r\\˒%9W`(pZ5\\\rWKc\\\@x[{S{T\n3c$\TpweHO[Mњ2+\r\i\0?8\\w!GT\|R\b(iO9&ivO)z\\d\2\Ëu\f9Vg	\\}Kcdl\xcPHs\g\.\\00\\^\\?\8+M\\k\\ofq?Zୈb컜Sr䃲\s{I\aidʠ\rӑ\>\g>\go\\6\n6d\0>\mSԂ\Kܲ\d\\?Go\_tXKmSy\\q}\(y&aN\r\FG\-\ng\;B\k\\JK\\\?+m\Um\t\Wd\\"\=\0J\|5\e\nnd?\\Zλܬ\zҨ\Uo}r6 \n3W5ȭ\V\\Vg\\5\Y\\\[gۏk\Z\>˧uIX\\-\If#\\G_\Q\6[\\S\\\\~\n9:ZЦ\ιL<WXj9g6\f\\\0vl`v\Z\xw\Hkf1튯ZO-N\\\\0\ZFC\\\,\\J\U\.|pn\"\\Ҵ\eX\;+C}gƺu\'\ev\0\ZRܸY-N῀<]\"3F\\RƎ\<lʫ\p\⟤C\P	\dibu`۰zV\R1|\'\r\	,\r\07\r\\\&^\\ګfw\\;Չy2#a\\Z\H\2\\Z\\n9\}jyoJs:̅m䷮k*TP*(\"F\KT1\\r\0z.-d(mj\ֳ\\-OӵQY1m\mBZǻ\\\\ZѸԖW,͸J3\[5\\6+/;v\\d\~\\\m/\\Yqr\]Y31Ʃ֡ܢ}ݾɰ\ww8\S9\*&\~]\m\r\y\mm4o߿ˊ\5#,_5W\\ne\\G\\/ݥrhD\I\\O5z\\r\z[n>Y#3-,;튩\Mxج#\)ڱ/?\Z3/\k\\rVhck?ܬ8\\\lS\>\\֍/\L&\f\r|\Ii \\Z8\VT7,x\kHe\q\\\\|z\i]֪\\Fb\n-\Z\\W\\ޞ݊O3C*\\\I\\W;*\\[r.VL6}1N\4ج\U\2ع\]Y\_\һK=Hm<}kˋ}E\]{\h\_\\\v1Х\Rq\\jW;{R+4²m.#>\+\Tf\'co\K;?nfII`-\#;\%\0\\Z\|;ᛦi.Dktd\\H`8Q}\\O\U<W3\&d\sA0H&ۼ(Pʩ]\\sYk.#ƙq{k.k	q\\~삽Iv\!ݺ\B\{Vw_\k\\\\4GXG\)6~Fy\n;c\\S/u6\I\6]@)\\0W\\cGZ#\|?mH\]h^\I2\8\2ܮsۭd\\6Yf{\\1\X8?@ך\;\irBg\0eX󑏻\ҮXFj\t˫FF\8ך\E\#\\|I_\\\F}\1ceA\_j1\҅\7I6o\\'\ڥ\,Ѡ\\`yV\۾Ė>\r巹\كQ!,\n\\q+׿m~qcL\ʆ\f\fl|}Ҡ3\\I\H\\\Vch\xb\k6*z\\Tw!\i\n\9K\Z\ɒ2<b<\_\Y\Zjuk\`;\n\ӭ\m\jv\\"\)~jJW#ٹv\\\*\%h\\ĥ\\0&\r\j\\|0m.<Uf\\GSZ\Dk(B\#\CZ\k\EDl\ǻw\\z\\ru/\\C+.ܒ\IzU	-\W\u[-lػİm\0\М?^;\Z~\M\xC^Ԗ\l^\E3\4g+\|䓌{\\\N޶sW+1\.-Uێr\mI\;\\VG\\\0g\r\?\roO\\\ZΛ<R\vUo`_4r!\\\\mkܑj;˦\<K)/\ߊƎ*a\s{wv?!\ݶC+z\]~\8l4I\3j]Qr\F|\\Z\d\5\/\|92\r8]\\՝;\\\ZsM-\wl2F\\'Ic\2\:\\\6zv$J̐]\\"+\G.e3y\t\9~\\\0\^ɨe\\\\Zbp20\r\0oZ*k~e!nA\'ޓ[\\'CUNfnNڌY젃ɏl)~r\0Ã\\@	\\u\_\ZZ7m6\tLۣ\q%H\\0\\h,z3jPI%o\ٸƒ%O\\Ăۚ\U5\ᜬ8=KOgff;,w`k>\\Si[\\)B\sp߅z}o\\63\\71d~wu+\ˎj\T\CZi#\x\b\\Z42\	8oƦ͛\\^4\\Z6\S\\>؃jWwR+ȐI;ܞ\\\x][;E{~\\sZ\')YnM-6cve;GZ\O.dq\x\\n.}+Z\\n\\\\!O\{-\"}\,\"\\3SNS\+\\\\ {C@\\0y돂߳>\8u\rET)2\b3\\"\¨\'|^9m\\^͎ʌ6)\0yW\ˢ95$]\g\'\\\\Z)\\\%\U!,\f̸fzSPm_,g\\c3%\\<y|)\Zk\$iZ\\\\p\|:\Smrӏ3<7rFXxPԮ%\\;Cw~U\<y7\~o\m\0KDNH3U]NO}N\\aPb$7x=S\\\^\Zݷ\\_߲\G$I7v\\k\a>ynzR\\q6~G:{.\s\G\\r^C\\\c\\Z\\M\\ʣ\\N\mLk^\"	Mio!Q,}G*03\\\ׄ$\hj\\\\VaC\Nj}nRM߱\\v,V(\K-pj\\p!u\sҺ\m,[y$;M\\4F?\a\۫\\n;/|#\UĠg>\57d&&<֑\\/*	!&%,)坰Ʈ\Z),\ͤۮeuG\Y&\x\O:6P~T2m\\\J2\\5[X\[\VU@\\\}\e@\$l\\5\̗\;wY\"\\\ZS/ë\7\ʷؚC\~5Kp\[3m9~?\@+\\Z{v\;Z\\\\u\kwWVy=A#^F\=oXGkko\Gv\r}McR\eR\,Ic[8<EST\ZV*z\{U\_,y\~S\l\\"v\Z徦ȵ؞bu&PʽO\mDm\yZ%\^4+_\I3mU\gh\\\Nrˆg]\\GtFZۛ̀m]YPmjk⨫\Ҳ\\[\V\WJ<\\5ZK\\=7}\\Ծ[/͹Jг@KP\\6\U\\I>\+@w\T.X\%\O֩?CAQ]E*\܍$\\\\rc\YbA={UƷ>\#\x\\_B\#4ʙ\{Vm\)\k>ޑZ\3iq__OƤ\a\T3G\Zȿ\\z\ůEFXT2*ħ弍[h\V3Һٗ#(stV^%\_\}3Y>G$\Y9Sn<AN;r\\\VgO\7ֱ\nK\*\p6\\\\\ZU\m͍$R\"\ej+y[^\?\\\s\)jkk=\W\n=Wӯn/u)woݶ\T\o?謹\ڤ\n7\~˽WV^D[\n\>\\\Z\\Z<4;<\F@l6=?*MN\+],\\Gz\n>}+2\rQi\\۶ؘ}\\`}\7\Cr\{j\Ro\ÁwOᑨJ\xc\0I\\*\\X\2L\^!TVlfϣ6\0J/<\o|V(v\\\\2\c\\U9<\M\Ң\\I\Ikdp\y\FD\"F6]\\I%Ui\gʍ)0\\w*x\ky&Y2\dl+~=k\\	\\'r!b1/\\H$k$^w\\\0Zzj\i\ga\K]uXد\-\ܾ`P\݈\oǇo!Vk[@\T\V*ǳ\r\\ Gq6ZA*\,mn\]\oya9\(kixp3\bvČd\ē\֨tMaF\E*\\x\\9\[e2\0v,/yŵ\I\\\Q\\\,\0\.|3\\yM3;4\\rnod^\OƳջ4Le\'&\|_iu\ַ\\\\7\`\0W\"[)\'\ڢmz\i\\|c.OOq5WMkq}bJ˲wX.!N1\"\v;fxZ\\	kx\h\[\\0\~WS\=֥$\'=\E\v\i\F\\/{gWki$\c+N\\\\{օ6˘md`\\\\\\8\\0I\\\\L1-\w&\rK\\{\5(\ZŞu\\\?q\0=\Y\(Z\K.r\-\0pG+\\v[\ڞ\\Z\iviY\[$tlkQO\v\\d7z\\/\.t\'ˑ\'\\&\SU\_}c\\\\\LH\eu8\\q5*29=I2iσ\xGKk\\ru6#\G\ 9ى\\p\LW\\/:$7L,w\"bh~\0;9\J\\q\r\h!B\\T\iϯ\]M|ԦdvgT\MGO6\>X\\ʫ}_Q5j}\?x\tu\V\M\ϳjv\\_D2\H\oW\0P\0\\n\lt[\G4[gFט\\ܪFhEK M\`\\W\:>*\zk\\\\ךd\ZƀM\\\xim\wˆ=\ֿgo|S\!~.-\o!kn#\%fd\\\\S\nRO\߮\X?{+k\\\CG\:6\0\SMҴomcFٸ+\\\n\\rEc\W?\O׺v֖\\ZA+\"d2o63򟼿x׬x\=\\0\rDx\\\\\;\\\\H\\T1\B&\.1\\\r>\/\n4z=-$\)\0N1D|\&{Qu]Vk6Zk\\NN.5-̟u\g\z\]~\\o$B\<3g\\>Q\m%/&I\kđ⡍C\\>\\_E\\z}Żit4\\$V&X\\;U~\\|f\^IR\8.\\eD]UQ ݿ\Z\-ҕԋ\\;N]#Nh\U̒+IuD\\P9\ï\*\z\lV?/˚l\?:\0xn\BkyR\\aě\Q\{}\\[[\hm\\QG?\\\z\)ǜ\P\\\6\.\cp?LV\\/R៉-l\\>\]\w\xS\F+Ѽ~\\q\{j4_\X,?ף\'<\\d*\K;\r\.4v\)O\68\5\|E\Kվ\\\a\G5\~Կ\"WJxN&6\v߻ڙ/Vot\ss*9\\"at\Ԭe\T\2\w\\rNp]IQs	\\\(g\I2H\s^\\&\Q[\Y2clm\\ְI\n\\D[\E$s\\\\t\6\qc\0~\Pj~&hWr\d^\\!9Ah\0ז~>ny6>\n\\0-TL\?\\\0\U2\-\&\bD\0\0?\Z\/Sr\c\a\?կ[M=wlfǜA\\\_kߴfx#sP\f쪹\Du\\\:z3GjRB^d\'?\<U\\\n~Z?ŽGn`7*}2\G]?\\\v|y\x,B\=Rɂ\\_l&\\?\\ūs\\\Z]C횴1\ۛ}\\ʧ\\\"\\+2\x\z\%\.a\\^o\ZY\Xێ\	)V\55\rYvϔuo5Y\F\\\\\\H\\\~U\0{s\^\\oكM\~Ix\,Qk۵\\#`|\5=kR;yfPf\rz\\'\\i\if猵k\ռSb2b~_&ܟ$Si6\,O7\-Ňoa])q\s7~\k\sx\Yӣi&S41:+м%X\6Y\-(ɵ\=N\re\Fg\ڼ!P?qJx\Y?\"Qn;/\OW#[8~\8\D\O\rl|c\;aky\"G\0,lf\\oa\\\x!ћi\W0?:_	j\n\aWɒ\@\aYL\S\'\9R|AxᶚuIm\\;Yq\\\rA-\\\[\'%Q\V\\\\a\SZ\\?h\O\\Z0\\0\By\?*v\&\!\^Y\0N\\\\\*Rr{RN\9Y>v(TE\@\-\\K\ƸKmkoB\\<\[6\nY91\^,26q\3Gs֔Fыe}[Q\3y~NMu/3\Gh}۶\n\Z݁\rֶu{\+[?d\k\o\n\\f\Qlv\ƾ2\]kY\,yN\vV\\i\|w7K埻ҷ\ȍ[p\֫\+LZ\Uح˻nv\~5g)S\jz#xJ[rU\\l\\wҳ$\\\e֫dR\O\\ݙxF\S+/\\\sM1.F\\5\\\r\\\zU\\՞&2\\Z쎃<z\(e`\^k\^v\ټe\HFtڤۡ-kM\0\2ٗ>GՅ\\ٴ\Y,[\"\\1n~h\Y~Ǩ3*e\\%\rƚY7͸o z|ު\\\ou%hf䁺Y~\V\'G3\g\71	7\\m\U\Zo\"8\"Fe\p\i(\n<\v\v\'\XWTГ\[R\h4KB\jmY;Tq\w;x7o^=\\A\\[\\0\̄6\e\8-\nh~\\\rՙ\h\YYr7jKNk=z\.qSGuK\x\_\t]}q\\~\\"o\1~f\n\Dwүˎx?J\oZ?;F\\\0\Z}\\4[\T^~l\抱\xoNf\\\fI\lE\\\|=qeKT/\~x4{\"s4`2\W)O\k\lv7\r0\0DhSմBj>2];\u֙b\,\Y|\J\\\\Z\o\\\\>٬\<\\=\o[Z.c~[X\Rw6K=~[ԆVn\\s\\]!Wˍ	\0?qBu]\}֎\\'#\W\S\Z[\\G(\'>3/\\*9Ķ/\ZX|ñޕ\0yٻp?\H\*H\\<m\H\Ԟg\Z8n\\3N\?3ؕk]Kz\Hm\X\\8\\N?K\U\6Hy<\C/\\\ҹ\W~kӭ./\* \+{}\:kci\3-o[\<-d#\r\\\`~}F2&U57nk\\\Z\TM\n4dIPn\C#t\0\n\0~РVH\0\eIa9rx0sj?U6q,z\\6 di\PF\q~n\t|\r\0ľ\\e\却\\rsJε7%d\SRKF}3t\\fZ\3{\\r\\\4_\ZZk]<bEtZ\M~lzFt$Y\\Qk\T;<pj^]ݭ\\ys\̻Y;kg.k\\B\YP_$Rm!#v\\!*YN押S\[\0\|?9\P\-|\'j\k%y,N\X1]FT\nx\\Ρ\\i~\tS]\$6~\t\$#\6\8#oVOǚWam\\\V\'\[2͹^t&6d=Y\#\nUW񧊯Xđ\\0sFK5\օj3\11VRz(Ɛy.l\\\0\\0\6OM\/z\foCP($\\YL^\\\\/5\ewL\>G?ʢ\od\\Am\4\G)}6M\G\\\{\^#6NV:O뚕\0¯	\.q#x>\[v-\ii*\<F#\c\ue\\\\{^\"\\Kcl\\C-\\\g\xО\3}\j\\\t\\\^\\Cy7|[E\\B\d\\\1+Rn`\{9\L|!\z-ot6	\\\b<򫪞\#\)\Fo8Fi[_\S\ڏ\~ s\Z\\\7&\R\Z)\"E,\4gH\Z5\p}3S\\\0g\0ii\\xO\-\\o|\\dP\7ܠ#F$\0?%~\\0~\\\·n\eyWJ\\B\++O\\\'Ֆ^7~e\$\w{#uc\z9\+ƞS\\}[O\0\s\\n}]?c⟂\\>#ٷ\f\\}!253+\$\Y%֥\E[+\kqlπaur\U\'lmd5\ۛ\k\@hmHdb\2O9*\]\K\\5\mX\u\ۤ#e7$GARu\8n\\֋JK\\g^{>uߣ> 4\7\^\r\\\ZĀ\m|\\tL\ӵ-\kmx;\e5L\\\cH\N\o\ھ\υ֯}5V\C*fD[\S\0\"Lc\۶XG\dUKee0v \ǆPG\Kz\Ы쩨\b\\.G)vhǒdY1\Z\s+z!k\Ggcf\rsJ\𗃮fmEu\'UY\\ϲ\Z\&\f\\[G,J򮅪\[\ZF/\ÿQo/4-T\ks%\ȏ\rH\H|\\x\\xn>x|\̛F@\\\\ǌ?eZ\ytU\vį\\3|)\r\k\!_6V\r$L\0?\\=\m\Z֧fD}Ț\\{\XL˻hPWU\}\n- Mh~hĢ\\8\5_\n\\XxneUf\cA\bh\2ll\Z-Тaq*T+^Vf1\\\\\n\3w\|\\r\\\\k\\<ֻ\V$̂\02}\\n#\\O\u.Oj\K4X\7?3^k][iǘL\\:y+eGͩI|\mn?h+\;\7\\yrF\ܮ\0{&%0ve\7rɒv\8\\/D<}o\k(|!dig\Sa\0\\ƻko\)qk5\D*my\q\0ZN\\[lm/yC\>\Ym[A\\ѯ/B\\{{~\U_\0f|!*n.;l\Ł$\݅M^\- \@\\q$~販\\\G\=C\\0R\roc!c\Tsy\Sf6\"y>\Z\'\\\MJ\\iCyP\[+\\\?%\'F\f\\\\\W\Z\iK#{\0\\k\	\,@$p\"!\"\8I\zCd{\ɟ<*\O\3gq\k\lDbI\\S\%æ{\(\s?CjG\{_\\[xKZJ\*\\]JV;\\\G\>MFE\Wz}}E\VV\wkkq\\@+\?lX\>\\Z\\aua	\r\\\0*\G9iY[\\Z\zt}\\Ƽ\ſˆ*Z\ý{gMB\\6ͷ?0Q\_cEO\`n7\WE:ѦУ\MϿ\r\\UU\JҽƢ\/_]\Eܧ\|o]ρ~%j}\\.,fW\dH?=\o~,u>emJ\r\2\G{{\:\iQu\\n\[E&/Vfv{V%ĭ\o2:\\Z+Z\A&#!\\a\\Ki\47\\MmO\c̑Q\\\\r=a^\0w5qC37l\+\`|E\\$VѾ&*^iP	Hm\\r>+eSVUϝ</!;\\0w5xzkeݱ\Wj_\rf\t\\R:I\2s^\\Ygn\\[Ј\|\\T\rcVR\vk\0NYd\0qqb<\\\&\\\|͍\\NxX*,2q\qz\_\\Kco\Z\\\\0\\\\\5K綿M؞7\\'\j4[\Q2r\\r\\0믶/\0c\o*\\̱n;6\0Nة\t\l,k\Ww_c\".i.\\~\ky\\'-yۨ\0\v\0\ׯ\k7\Zc\\I&\F&BM\\\^sG\\[Y f6fO{2ًI,渵ps6T\nYM\g$\\ϗ<[cq\^X\!\\\!}\a\\sp+cw־1mysgZu\\;\\~	py\\$\\c*\0?^ַu\#{0iN^\\\P8\\0Rf\\x\\\n\?\v\^\\i+\\*o;q)kֲ4O0W?6A_\ZEz\󫟄-D\ȊC\\L7\Y\\loi\ZY\~\gN\Ҭ\0\\T\Z˫)\h\V`W֏li$xK{H>\u$|\OZh\cf\x\Y\p0\\a\'\n}>^?:BӬtȳY<\D\\0s\{\튴|Ij-\g=j%\[\a-\fo1X^}[\0,څ\(@׬\6dv\\\0\\S*mc\j\\=\\$i\Գ&=Ź\\\nWȪ\9\{\'=RfIU_ =A^۽\5i\\"	_\sG\\L|MG+ٞic\?\\Ay\-\\\Nv\\se\\V_<QMy6=\Ƙ6\JkX\k&kIB\ԎҾ9\b6\wud\ԶZt7\22\b\h\f\\F\=1\\Y\Z\Ff\\Ԁc\*>A/<\\w\\Q\\\LS/%u;\&\hmU^ٕd6\	\"D\SY2/\\G1幷Y|\?\z{U\\7uۊ\lC\qԛ\Yu_1\s9wm\y\X>ӴlZ\[1=?\\V\\ʪ0l\;qT6\\-̪\!ǿ\'\0Vd\\4n\\0a\0\d\\aቯ|mI\PۖVfv\\\Ғ\r\K\Z\<b\2\nӃӧj;TkK&xnmϘ0A\\qןJo\0 \\G\&kQ\YLDb1W\;\09\\y2\5]\֤;{u\|Zu\\\xX#wˎ\\|C\~^,K$\\ \y}K},\7\f\zX:<\[\Z)\e\Y\,v\\/\VE\\kŢ9MNR\aL\\==p?*̊pE\}\^}M\"&kHh\\g<m\o~\nz([ie̠en<\0\N\6ѷ\ˀ\q]֕\k\rkL\\Z\I?c/!\\\<co&Yiw\F..-\\\\<s\>V7{\\\a<֞umˣ>\Z-,\}\|~\>\'tI}j\ aot-\ȫ\X괴%rOO\\@-\!2\%\l/͌һv\Ovdͣ\\mŔry\Z 4G\YKA\\^\=\b֌\_}R),\\v@\=v$tE\f+\K\KD]:[^,p\#-b\Ā3*\\\kcfo\6}\i$\\eKJFRu\U)Ueu m\\\\z,>\Z\5Mnvzh\.\\\\d\I\\v\.\=\"4c:\FŶo^iۤ>̳I\u\gحx\\M\nM\"\ڥx\P1\:0;\n޾\}\\\,\Q#䤓Ƕ	#{\qPy\1\\0>1hܶcZ-\\4`%\\e\bwmp?p\Z㢪BwzuN3\R\?X\ZmU\5n\3Zw6T<\0m\V\?\roPгM? 2AqchV\1\eT\'\|+fna_Aa-NrJa3\#vo\9\\r?H\>ݼ+\\r2\ʹ!0\\o\P\=i{h\k7}zz7W\>\{\7]um?\z{cPӉ-\2\\#B\:ȿ3\r\%W\>?\?\nuW\\ww񕯛\\i\\$\L|\\\Oه\\,/\n\\;Dgd[d\#\\b\"*\gr\6\1\W\\Ze\V$m\\t=d7\R\d]nU\\\cb\FUj\%g\\RW\\\\5\}&\\\\\on-\1Dʌڭ˥ͶKeA$\rԾ%M\|]2\\[޲u`ٶ( c\\\\\\>V\T\\zt]B:ᅴ\w(2|\Xѐ%J\Z/!|Yyu\\\\7\\)\!6	9;yƮI%}7^^]\\Wn\^\dFwb\\'\r[\$|\\|;kacg{pvcr4\\2\y\su|Gm\0	%h,Fk\%\Bx\\.	\0\O6\y\\\\iCrGpLCb4T<dvu\8\Z1\{ȴ\<\r}Mh\\E\BzG\'9\U1\W6\\N\\r\\0f@;\\\\c׼-\jwČb\MF佼d\r\nh27J\:\׌\:֒4%h\\2e9\n,O\\\\5v\#\\S\0\ȴe\'~i?k:nm\I\!H=l\>g\0\\^\\oX4ֳ\Wm#̍sdcλx7I\Ccyâ\Z[8HRF[]W\\9\\xgB\Z\Im%\E|v\$|6\6JCu\\SP߯ji3\'\\\Y|\%{\"9\҇\\ImW|Ӯ$\aSjֱƤFٸg=>\{\\kMkZH\,6\\\oM\1Uc	@~Gͦ\\a\\\\nu\\R\0\\k̝\yQW\>wE1գVQC(ءS\^Ö57\0Yb\]/\\0i:g\\Hu{X\wU\lA\~\]2\#M#UB8n}mRJ{\wC2Yu\\r\xK>y\t\\\	\0d6\~٫JQ\̐Ku#\|RB\0 }+\/\\\\\\ZmIDHr\[\;\vlu\|=Z\vvkcf(\+\PN*J0\\>\;$=r\\\\\bH)\'`$G!\\e>\\r\\\0\\ZS[\\wzZ\bg1,\]p;\\\Tʕ?\Ge\j\Z\\ۆ\Ę\\ݫ\f?#vR\\k|\i\O]C:\af\0]=\a<\c\?J\r/L\\6\X\\Eڠt\Zpq著䏞~(x\\_\n>-kl\5\\'W[fӐNZ\-B\\\0+\_i[\}\>Y$\\nD\\V&H\Nk싫to\r\\jRK{u}\\\0~f{\\]a\\\\f!\"\f^\\)Ti^+^\8\ޑ\MMF]6\8\\Fc\Z\\-\<\Fl\a_Jw6\H#\\\\\\\g#\\<\\y\1\\\k\\\\\ԓM! \dv\%\S\q߷\~\\o$X\2\K\\\?n4?Vі\Lɴ0\e\X?\\R\* %9o\5Oi[\\O3f\\<ק\\rn\\U9=:\\0h[{9ND2ǹO\\\GSEI\R`J1bp)ĲZ\&ݸϽrw\Q}\qϽ*4\\)TZşO\'\=\\	\y\yw\h\K\O`G$z漝i=R\XiuT?\\\g\ydI\Z|*\Yuo\n[u&uѯ\]\\6=\05\\)\ˍBi@\#9w\n_F\\ռI\\m\t/\\x\z\([\\W\>l9\\c\E\s\kO#\\n,%\l\0\}c²\H\\$f0Ur\V!O\+\	G4ff\]HU}>\o\\ʶ\rVaTb\Ԧ\'\\n\>м	X\Is\-JZ\w\\QO\k\D\c[\;\x dnSAǯ>㉴\E*\n\\x\Z\<\\[\n\U:eƤ\}\\1\\s\n\!gDdU8\Lߕxޫ\\Zk7dHʹU\"̎\\\z͚M\w\\[S\O\S}\\,\Eavdq8q\Z\*7\\\<\"I@\}|Oaw\~\,\#ڽ\\i\O\*Z5#>?JC<\=v6>!|;\\Z\\\I5\2\r\ދzѾ\wE#gv?J\\\"cq\׾1^y\/*\C#n\\"|\#&e\1\\uY%ē.s\\\VnA跍T7,\:W\:\ZWf\\\01\[5>\Q=\]-\}\i:\\qZ\=N\\\\>2\\\\\3[Tu	]\O\0\\Tbv\y_\s\	Q\\r-n\#g\S\:WW\rח袻^%\0\S+nC\My\\eo=ZQR\olgp\jTLL{R\z\\\Zk7<2Z#\O\n=lDEŌe\\U6W1;\\xgV\\f\XeNr\\6\\\Z0J+\ȼoc\>[tKpqkyFTۙ\cî[Z+\\Yg\'BK+6]\\\\IgXWa;k\.\խf\L\\z\\UQQ\η$\	G-\'dc\wגGq+<qj:jj~\ZT;\\\=*\WfUUo0yde?ҧ\+\.\@\ZX\6QW\ޖD\,UD\@\*\wK\\)_A\S-\\\8\\*:[\c7\%Բfͼ\$\0\0\j\n\XiHae8TG\\%Ek\W\]\c\ƣEUNz\SC4r\]\\\\rKF\\.f\͋(g8ὸ\񪖗1lѪ1\棸{\'.4^ݥk\%E-[K\\p\Y\"[5h\.:5\$R!_.M\0\ֵlu0P\0{]\rYZ\Eu\\%\\R=\D)\\\ߍu)r\\Mq\ҵ\\v\0g}\Pk̵\$\ۀ9\\Yd`a]y[\9s\\\BF\Zl7\t?\a\U\\^\H\9\o\-mml\-n!\d\n>Pɟx\s\c\\57\\iQ}cG@}߅}12\\ú5拪]]\\\q-,\o4\F\Ej4>G7̖\JנҮ դX3\߹,\\.s\|5Vsͻg\g\L\0\1V\?2˞:|\"\\\o[\ʆ\\B\\y\\\y\O\r\\0eZ̄yb	.\_\ZXz\\\L\\\uݩ\Z_\ZV\R7\L\\nQ\\q\\	Tr[\\\Q\'ß5Y\In\\F[\4\$\ie+$\\'F\\\r7\\\\\auK6KyZãf< \K\0d\\\\\?jZՋj+И\jmo2\\\\%a\d<\"<vx*Q\\\wb2P4\%\t:_\O\\)-\"\\\ \d\<O\i\magI>\R\!UV˻Fc倪2EK{\\/G\\66\(9즹D\-\)0|d9pHٍ\\tA\|۝\\\ZOn#vJ2K\\q*\#+ULO\0FR\ǁaCIM^\\Xf1\\%s+IE$n#\T7.e-?\\"!S+\\t\0Y\x\][\> 1A\\D0ĪȦ\\$\T\I=x\<\/H]\}\r\ᦎ6+?6\\\I\	\QڳoPKմM>o]>xf\p\nx\9P\0NWrJ\K\\5.S,Z]|2!k$6G\0`v!R\Z\J\¦2{۷\q0x\if9\9b;\w*\&T`|\\\8\\_\\ny\}Eң{h5R\0.\\\\\\Ip5\\\uG<Z\>L\(:\Oi\N^\8f`70*Tgм\I\\rSO\>\\Z=wwG\\\\ill\3Ep$s\\w\.d\G\\\nx\gj\.\\#\Zs\s\˳\x\X!r\u\n\a\rG\\\WH\mdU+p\ܩ\0߂[~8\|9\0\:.%\E@\-H\2*$\̄nay=\SZ^G\0nK\ٖr[YT\\mIǆ\ ,:Eʺk;)4w:ǈWGk\>\eh涟H\\(^VK6#Xm\9\m~>[\\O\<M\I\Nʶ\,YH[r~x10\r\Z~\'%\&A}\)\\t>շ\0x&\\T37қ~\$4\_Mh~(+4\r%\\#[\\1\J\הo\\gm\n\[Z&_Z\k\H4\Km\\x\n\G@]\Ei_uvȱ\4)3\7̄;{>\p\\?\\rH$[{XZt2P`\"\lf\\8\\/\^խ=\4\ډ$t\\\T7#z\\)0\Q>eιnz7f\M7Y\\o\3g\\I\!\Nխ\\^.\G\Z\\\ȯ\o1Q\\c\W-\\\\_Zh\\|Qek|-\I*NYubz,\u?0j\4^\\?\K\G/\,\\0*?́\];)ݛ)\\\\\O.G\\ZA\07q;(K]ƑwI\4ig\\0h}*o\#T\F!\\s5\ƍPN$G*3\\\n\Eq{\P\4t*\RT:\\\\;\K\VsܬѳFO\\O\Z\um2=gRfU=\w\'ŷ\\o*\LM\\MĂB\\6Zzd)7y\ZFV\\_j\\{Evw\6fWlp\\	>a\i8Ą\s\\?\{G\v˒\\c4xͪ{F\B?\n\MDtz\s+@\Z\>[Z$ɍ\'jZhxvȊ\I\Zq޹7d\n\`\1Ϙ@R\U$\\_m|I\:o\$).Z_3c+zgyz\\6Ǐ2Bz\0٫\,.W\q\nÑy^e%\Y#V*U\N*y4G:NGi\Ωu\\\\@\0wp\Q\>\p\#4\˸\n\\^\\{yqK$ȸA6\\ۧ߯/񝦭>5\rq1\E_=\ri5c\ZRJ\ϟ\\o\nf\KE{#Q\}姿Eh|>\zU\JY-QZ\9q\\-\)6}\\\';Gn=k\\lR0\EҌ,_u+\ǖ; R\؎\\RMjѲc\7zV\"ʊ>u\\r\[qhOƨʹ\lUFY\=K\R\hi\\"yo_J\\͇6\\>\f\|\\\5\A\m|ͬ^\\\,\Ӟ\n\SK\\\2\X\\I	gv\\ּ\Ŗ_\\[캼W\-iq>\08+g[y~\r\\Tv=sᆉ&\FUP\7^*mrh\\۳s7#woz0}~AvBk	a|Hx\Q\1\\Zl7j\5)w4Î};ffyߙ\<~^\\\}\\M\\\$\{ZDJmXd$\pߍbE\,He+\2V1\Y\|Sro~\j\Z-\\ڭ+7BjէKR9\'hm\b0_Us+jgwq!=0O\V?Gi\	d̓?*\<]\7^\ZkWΑZ@\X#\^uxA\i\\$Y\\\jnU-<Qu\"\34-\g(Ŕ^\\"\9_ֹ\>0\\Sy\\\YۯBnc\G}B̿ٳn=\0l\ڎWШӊ\\\YI4\fw+\\\\oka\5\q\0W\'\O\x6\ȼ\\-\w\}j\Զ;ۋe\\\r*\\I#\4;Ǣ`\/ueH^s\\\w\\\\[2^8wo\)\KS\Gjlayl\\s\-\nk;~?a\,=\2\j\d\0})\\[\4\I\͖#ދ}~eoA\[Ю\Z\VG)\\-WK\ЖG;_N\c+n6\\\"T|)?\gk:U\K.dӉ&0\R\0\nc\1Y\\B߻m6A\Y:\.-lͯs\ڹI-\\˹<&1t\{\Ӄƍ\#U\a܊\O]NX-\\";0\_\\XQF\SktZݲ҆#wɑ\%\RJ;Y\ֳL={\'\\\wfoW\/\\$\x?wZ6\osʧ0\\Jn\*ݤ.2#1TEG\\\	!^W7ⶭ5;i\\\fkL}sTةI\"ܑb\\꿁 K3\\\\f}\VE?z6x?|w[\l1B:Td\mY$߹\rm\qG5ž\\O=)F\`e]ڧ\\G\Y;Z5\Iqde\\\F\fmՈ!fm\z=#ۈ\m[+E\\\\z\\Akf`Lۢwlf8ϮhxTPя\/V?t}~\=M\\5;ܿ\\)ЗZ/6_\bĩ2\sq\Z2I\4\\ul}\ri:\\[\k[\/2(\6\\0\0\\\׹x\֛\\\30\\#m\\RA\\\p\Q\'\J\<\G\\rc\M&\\=\\lT\R;9\׾d\BCe\.KS%lv\"B|ґ\:W\z}C[\5H\\\FKm>dw\m[\\\\n\Ƣ\\i\\Dks0PXz`\\acU\\&q-ZWC\>&~\~$\\9\\f\XDfH\b\\\B̦E;v\;׋\]x\\\\\̷SO};;d\\\LkK\7\hBY\k{:]7W\m\VƉ\7\\"jl\ \6\\r;W\nxߒ>~-4K6=\>sH!\]>hYp\bp\Nկ&\K7z=\\\jr\\	%\	Igs,C\"aexEޛm\"\\:/t~+#\\b,aZWaؑQ\\ruk\?\@A{\\0gj\|\qUvi`4`i<^aKY{%m\\\\{\y9&+w>\\<I\ۻs6\+\\{m\Rry5\s\2\\\0z\~,Ht}[\0~\Z\k⟌z\/k\\kv\\\k3J\\J\X\\2\ =|\[\wtkoG;\p\\\\<\\Zm\u8(\syRBP:yd8R!|{D\'\X[r;UL̀T*\JBFka=箿e5׳ji4x\N>-\\\0\z\QM|N?j~2۩KNHur\D&\\@`q}6+\Z\GvZ8\cbP	>?\S~<M_j:񃿉|UuGk\\<o8*̪\\t0\\\\\mO:\֡jV\-\l\#(r%\'2#fa\\ez\Qm\\\ufe\Zu1-a\謒\[v;\/\\\<)y\\\=FeY4kn\q}\*\pVpd$\~>\\\n\M\<3{o\e4a\\"7@N\gR\y<Ez\\&\.c؋r/*F\ß´\?h;kKKm\o\7sG\0r5\K\{[\\x\1v\\\?wï\]C\&Kݼs-ʒf%\9&\\'\rY,7\rVi\{8dAO.\\\b\>211\\Z\g\^By\\g;egF\\!~Q\v\<-XkpK\0޳	\\`9^g~;\Hc\'ik\\08i{\0~\4+\rk\"\ֽ}(uL՛2!\01KKS\*G}GTA\}GIմ0\Eu		\Vn8\\0\ͣxvHV+)\D\\s\nxgoZ\uOIeBE\\\F|~p\\:sVlE9jvW_ՄcG\5I4F Pia\K6@!2YB\r\,4ߏ~G|cg\ϭ\\L-\\\03\,]\+(\\\'oI\\\\޳̱l^ZxXCH\ǳaq\\\\WOx-[@\\\{%ld̄;jwq2}k^\\]\Z\kA|K\uo#\\\ڴ3\$L6n$d|.*>\gh|5M\K{;b2\ڿ\m\kW\\)~\~\Z}֋\r\\\\\\\-եtt\\%?\B⪵G\֓|3R\5+-a\woR\\&O29o)\u$I(\J3Mlg	s+[\\\0?BDr\K	ƻ\NFAv˜.\^\\G}h\:GsZ\w\?x\n#)(G*\^qmo\~f~$\R(o\"9d\n0l#I.ry\F\|9VPѵ\k\V\n|\V$gVV\!LyP\\%\fڳi@Y^\X\\m UI\pW$`e	\\k\|}[Xߌ\\jM$)$VLlv\0U\=*\ڇ\\\X\\\L{xi\nb2rĐq\\|.X\N\?X\3\uIY\B-ʦહ\\n0l\T\%\w\V\i\\R\\eڒBz\m\+Vz|B\gn\m\\bm\[\h\v~ףm\1ZD\\.yA-8^vux;5ͫ4F;+X\!<jY\\	cӿ(\OMOS\~))\\m(|\Vō2CVE\ٓ^kះ\0\bUquwUS$&y\BKR\f}xt}/N\-Ʃ\A\؞6PsiƤ\Z\?\x/q4\\Σ\=5?4]6ݭ\7\#B\G˟;^?9~ӚW\x\\C\m5-\\yR?4\qf\\%\s\zE奄\\6rA!\stǶE\\QKF\I{ۗ&\\\\V\\m\}Tb\Q-\\Ҽ\0V[Fki	p\0\\v@k/\\A\ml7ux̆;ƙ`䂧\s[\\ZߍOꗐ\S\n=cX\0`	\\0\3\<\M\ANmmc\\0h\n\\fscvx\\\L;U/ճ]w+\ׇ\XD*3YC˟\4Κ)?\n\IIyo$k9nO72KlOo-V<\8kҕ4OK8CǏ,\\Z\\;t]\r@\\\ݲ+gy\Oĉ}6&ee6\\\^k\\0\\ƣ4\\\1$xx\;Gb\W?A]\y\<e]\YܶA-\\?AZ{k{8\sѼSm6Ɛ\'\\\	~2\x\/%-!oeUw \Bk\\Z\\H\\{\,F\u-\md\\\c\\6*<T\~\}\nݸ\ߵIϨÕ\\"ܣ9\\\m]i5F\,$|\'9[\?Cקz\\\tKX\5v\\Z\O65[0(׽uKC^\=\\t\]7R\hＦ6I\"J	.\\q\ܽ?\I\[X\$\\5=\](E3\\[ґoT!\7nokq&n\\[\\3\E\F\uo*5I\8Q\ZZhg(gd?\G\-#\ͮ\̒yeGBUH\BFq\k濉ߴ\0[WF\ec%=qā^\ݡnv}sN\10S:@k\Z)-Y\\\{\<\\C\`n\\+7Eiz\\ҳuac4l\\e\\\\\n\6[{\g\\װ&\&\Q\qcƈz\VNtcI\\!wsqֆݺ\.7nC^\}EV9g9ї\D.#\\iO\'\\\qP_*:罅-+/S>#}\1\s\\\i4}GX}F\\\r*\O@(-_ksjrq\\\s.0{W\h\zϓZ;Q#\\mk^5Od?,e{Ҹ\\\7/S֦O߇g\̝zL\tV\UkK	,wq\j\#Ku;y\Y5wTc\Njn\KE\8f_]IOo\\S\Cvv*=P{\ѯ\rzLM\\InER}{U\Ze[rs\0\\r:V\\\XKyݻ{қ\\M\\\\'\\[\-\<ɗks̏QLqߗsc?J\\\"\\V\74\"E=&Q}H5\\`|\\PMhN\_/ޭ\Ϳ?\\ި\\C$G7\נu2]KQ:\\\\|?Ey,H\\n\n\^\pFQd͗04r,0|\6\rN汒j\Ը\P\n&y7\\u\קj\\@\n\Eԣw\r\\lIr\g}\\1{BYt\+\'\}sY\MɓQѓ_hs\rj;h_\kx\BC\c?PT6vmg2\\\\nU_\Rqv>\\\զ\P\\\\9ci\[\7:Ƨx׍$rfR\\wVri\\\^Y11\\)bs\Gl=΁q귖\.\O;eו_\jO5\BI5x\\:I*\\\0n3VG\E?\\IK\`\+Z@F\06ފ\өuu\µntleT_s)\ji4Csu\0;\Im\\/A}ee=\[k\\\?42+\9Wc+;bD&\G[\Z6cVS1~55BQKNif\\\\n\tH;׾\rY¶OeOnc\lo}k\\XO|\Z\M%٭F\\я\+1ԧ3\:|H][\\6Y\wx\>\ג\\\,\\\J\޷Σ6m<\M[\\\++UDx\\0hu4GN\"\ρ<\\\\[\Z\&Ү5D\\\ʿ\\5u5U|\C\k\>\n\\\]-\m`y\̊aX&\ɆvA\SXʜ9\Ò\\\΢<-\ZM\"\C;\D\$N?\5h|@Ɲ,\Zfn\\d1!L\Urň\\0\oן,\B\k*x\\r\7qb \P\\k<\Zu)MG\\?Y}\J\\\9\J\[\8\c#\Whu⏉\RԤfIV\ieo٤\0\Y$ʮ}\\Z\"C\\qcλmVh\uIYPd\f˒3jK+g\0|9\\JI؟!D֎X\>R69\\\\r/\\\rhvUUͱg!RFқ\8y\QҎC̳*^P:kMּ\sA\4mcNd\\\\%GUP\	F\矡;\0L}hu)6\\rc6\\\\"i	\\@|\\\\?\\ּ&s+\aU1n\\1+q߷|M\דLcUCSٗR\?\h(Ft\	\JT\\z\\O\?]-密~\xȒ=\_jqT&D:\x>;\\x\8\ᗅ4Yc\\蚽݅\@\\rzn!)\ܜ\_\\i2y\\\b\þ\ÿ?\\Q.\h\p%\?\\\:N\(\qU)%%W\U\\\?\.o\[+Ä\a$\\OQ\^zv9|b\\7t.\D|j\|r3\\\\\:$\0z;i\r\\a\\.<Wj6k%\8gK*\$\0C\|x\?\\\iIi<7w\\]<d\0#o\'^q\M?|_5\~x~\\5\ԋKd4\en\0vOV\g|J\0ho\7mk\61\0aPY([lѳ+yx\nN8>)jW[\.d;Dm\#\7dƽ\0ϧO\q\Z%m?\ZCyI#o\N¸\ua\zkОZ[5oM]sx\\=G45E&$\f{6gf8\"eٖ\h4\0\Z|\eg\V\" /ʇh?)\ס\\\\^%\b\|S=\ɱK\`A\%\nrsY??j=_\<:3^i5˕\\rN\d\\|\]hd\8\\)chJ\\ܙQ\\0]Ϙ;\xojڄ\\\\9lCz*c\6\$\rmﴟjֳYbcb\\̪U=+\\>+\Wi\+|\\\<1C23h\H\	\/%Y\Vv\\qn\\z\\0\\ַOh]Um\bKȤՎIҷ\ƝT^~C5\\夞w$ھ߳jԂݐB|0\A\:\\\<\0 u_x\'E[7@a4sLY|\o^\`30y\c\ZA_\\\\~ \sb\es_-GΪPN7Y+\\0\0~\0l\\}j\4hu+{\QrJ)#dx\0<\{*rZ?\\mE^*Qdν\\?hB\Zt2V\\\g\\C6ӂ\\K\nBQ𧃼tk\h[\F\t؄\q\%\\&6jV\5\]\H\op.\$>bL \\\c\\\\[\eEF$o\\Ly\2K\^I\S+^3K[MoR\\\0	\"\p\fHu4Vm$2\\R\89\oG/\\}\\.\\=jA\\n6`Fym>\\j\Z,\v\\y-fX-\1\\##i\oyZ~Gwϭhs\iu/\<\$\ccu\aq\Z\Tdsx^;;{[\\\35\Z\.7gpG_=p=8\S:|\r_\fM2fT\02\"/\n\!|rdBDO\\bk?j\=yvw\f\!g9;BHͰ(-GS\ۇ^5Ԗ^!\]ZԬ9PmԄ*8\V\R\:a%NZ;\c#\\5R\4u][]Y#\\ebѠ\X;oh[\<[\jw~\.fVd\\\,fǑ\\\nv|@u\ϋ\Z\t6\7[.8l	.\M(p8S\01ZL\^>zPߋ]0.,\ v\8:G̷=[^&3]KnGG\C\1]\.9\nΠ\\\εDeսb\qIB׶Vrd\r\Åv\<c\A\ZO\\o<GfM\\,\nӷr4}Fķ/,㵆WW\\Q/$0+l\_38{\\"|I\Z\7m\\0A\\F%8=sں#~\Dխ\_87(\H\\\"\n\\p9\'+/\\BڟÍZ\<\\\yx4Ym\h\r$S#`K \c\\Zk\WP\0>e+\Kq⛭z;b8iB\d^x\\'Ftd鴗\02\4<\\'\\ѼI\'t\\=nb\5=J\{2ďJb͵UCbF\0A\\\Z\\IvP6G\@^T\\Z\~k\^Zng\\\\rGM\MV?\di$Ź1~7|\婆\X\4۱[O[\\\\2\F)/\UNۄ\O>NYj:5{kvzMĥ\.q\Q\xi\O熭\⹊;\tkV\\ĥ\\IM?\5!}SF\y:\Iy!Q\eW]:\s4<M{}6\rsh\:\3yq:\\0\\B3zr\\\$jЬ\*y6vgQ\f1\5\c;\\rP\\}kXC\"\c\?t+ص/\㧈\x\\6\j\s\0\'<\0[wA^KgV\\M\\\\[1@f\$\};{h7<L\t\K^M[T\\Aڻz\[[DVi\mXÏBwFzvwN\+Mad^N\TUv,0aՍ{\wZ6%i:\DRʜz+gqZ\Qo\w.X_,\'Dp\Xa\\0*͗Xr\5Č;\;s\\0§<\\\᳾\.\\\\9}F\\\y\{x\\\voEb]\bmpN\Un,v;n-\4\+3{cw\\I\'r3Gڰ\ߘqW?\\iW\$kqU\\Zx?\ri9I/e`v77\ו\\+I%č5ę\ųA\(;0y3\\~\n\\WM\.fU\\3=\\\r\jS]Z۫Nw6	\\0Z\ROڷnn$K?_Zq8j;\rK?Z<Ykͷ\"0}kJ\Y~Ms޸߈^\"kUlcuTsTsҌMZ䗗\nO\\s\\O\'9\G\ѷ͵ \n\rK0-ɩ=h\Zѣ[\g\\ErK\\\,Ef\)/ce<Q\\\B\\[\.ꢋ`\\\"V@\\G&?\\\-ߨjܩE2MN}̟Ω\\v\"+K݅Hf3\eelZ6\f>\\@ێ޵3.\\OZȷWq5-waOSނehIE.Z\\s\Ҩ\H֎#\\/u?{N\|\_<*y\ Sܽ0흂\ʬ}[\Kov\\A0Eotˏ.6\\Y۟u?ӿE^ڗ,\'I\\Zu\6wV}\\\\Z\\CWΒ\iζ4[\\km,\\zʹ\g\*EJJ\n-E\\]\ckKEm6\S;O~\֪\+쭹\?2\=jA▎\kF\\0\_d\\\A\H\5t\e>\ǯcs\\-R\\Xu\\O5ʹm	\<\EJ۰3\<\%6_2<2$q\SP\-\#8\\\\@\\a\a8\x7k\5֯?d\c6֞to4s\\%\\%P\ck5M\"\\mS^⺑\ըsO\Ad\0wg\\r.\\\i.\u|.\\UdL6ҿ0\\\o\'\^]\\¾\ZI-⸁D\>v\4\0*\xj\U\Z\)]\{;\\\\\Zj~\nBC\w\he%nv+	p\x\O\3\rY\$FLxDx\\\|KK\Oٷ\\\wZ\5\\L\%\eh\\\9\\x\i\%ͭ曭i-\-Ŭ\\0[fd*\Y\N\\\\z̨\\\eө\\b$[\C#6\Z\~y\ͅ\\6軲O_HsV6\\'ĺ\cզ0\:KsQVFtsw\q\gkYdSz]3\fF=+>|++;#\?n߼?\\"\096d#\gڷ].\6\iq\\\cu\?ұ\'ɓ\c-etuAᵊ)\U$_7\>\j\k\*V\\0>os1H}*\_*΃_\\+\|!i:e\ŭ\\\mkxe\?7\\0\zjzavw;=/\\l\?\٘zo>\?Wu\>+,rD\\\}\޾{u_6\"IepL\U\'$\ J\=+٬<ch\\pp?lw2\.Ӏ:ޕr\ԾL\f\Zqq{\\t:\r2-?\՞\\i_Z^iZCn\\{x`fOQ^wKOFu\M6-k.\g\_2z{\fZ}tk\w\K#09`\\\|2kBռ\兝| ]̐\޳wQ9\3Y>cXF.ZO\\6\%/Ge~\\.dM}>\Z\\\M\,\r\?~_|?\c𦱢\2.&{WM\OCuki²	n\-\$N\c\1x\\\|UEuhBd\ĳ\Qȧ\ f$\tkUo[[8\㫷i(ۦ\8UxwQ\Zׯ\u\h\\!b7*\Fr{VKI\\[\v$\\9;v\\snz\&п/\Zx㑥$F_)O$=J\\|?>4\\F\ɵ\9\\]oW\{Z\>$]*\\}\tc׆URzs+R\<C\nݶ)3ǣ/ˎv\z\ռ\ىcpU@v\+\\\:^zvj4xi/\"bTLIPk)P\t\X\4OQF\\\\r\\\+\0\n\\#\:g=\9{h\0\6\l\V3\)\',\rά\0\\s~t\\a{ˮ&R8\\\'I8\S\u/J\gi\v\v~P=zz\X^gilJ\=\\\05[?5\\|?M\"y񌁴z\\\\NP˨\Y\\\\EȈ\G+\>\\\\9t\0\k{\RFbC\"[/34l\0\U\J\d\Zci\\|.\2\\0y2h\_ҳʕϬ\?|o5\e$Lֺ4Cpdu 9\+{\?\s\v:徉cy[S&C𮄲%8g\\,RK[e\'\x\\:(z~5|MյIn&9XZL\.\\qv\Z]ӷ\i\/\i~\?~x\RxWNX5\{4u-_2=W\\\X߫\\5:t-CK\\\fqW\yxX\	\\ѣB\_C⎡\=fY-aVݿ\\o,vɕ\\$n=+׾|d\\"WUZnxۼ\0g̺i\iY\R$%T\H\07\=\\0?\	R\u\\{þ?|I\h7~𾩮\r:\0XZ\q\\U^F\\"%*p*|/<a\\\m\}6m6Qet\\Z9&\Gl_\ $k\>k\\0\/7\Z&h#Z81\\n\py@;\r\ە_a\rkH\[\XHKE\v\\ʙf.ccA3#\\s86n\uS抲w\\0\h|I\\+?\0\xgO\\\q-\9\G+mH\\ro4m3\\Z!jIK\[݅9\\öxgiυcY_\焮/mB\+\:uU\\"\Ң\\cwW*c\r\\\SOխL>\|5Zɮ%\_\-FO\2%\\\r,?,,F\o\\^\N\jxT\0	\<\\ Ե\5\ݴ\q\\T\\Ϗ\|aϢ?(\n\|\>&0|E\+ؠLs\}3\O-K\3æ\~\V2\\o,uefbUS#=Egh,\[S\욄\=\|W		$!\"V\n\Q7{>pw//H\\G\\0/\MF\\\r\]y\f\\0+F\4W\0)EZ@_-\l\~ \\,\\-b}6wʂF\\'\"4<g<{\'\@s麆Y\v\c,^#IFn\f\~\/^⯆^5%K\/\6=[h\y#T:\@wrBI\\n2\xK\^r\[·Ƶ}c0\\hw\se\\np~V w\\\0\nO\$Z\\`E{krۀ\v,i\FEq9\\O\I`c\F׻dI\Z\"\Ho!\"\>7kӬl\ٴ;\s[\\{,\\0%PxV)Uz^c	KXw	\K\[XE\\n&iITAێjƱ\\\\ǗG::@g\y~sYy\xԆ\/Z6\7nq \\Ҵ\^׬೟7\5n\r\jmeM۱}2G8F/\z?itԸ\\6M\cV`\]p;L\\M+Onj\\p!gO\\]!H\\e\_\弚}ĳCys%İIm\\3,{3+F~R/j\Ze\\)s\oE q\\=\\煿kˉVoBmQD\\\gl\1B\V/r\\^\0|l\X\4>\\\7JM\\\"{͈c\,>&o\q\\Y\76\\\7\EO\\d0i!u0\\W,\\\\?@/8)\޵i\\r#Kյ|X\^HbGąK\2U\C\\\{Z#&ᧉgy\ǣ\\lr\m8%p\\v޾Tf\\V漹qӈ\?<5\'\Xb\5\R\V\L\1۱\6\YuAu\R#_\g\\\\>\E\Γ\\ܦHH9dGd>\cZ)\[>\E\_\#\s,Gƻ\UH\\<d+\ٳ\ǌ\n\i>)`h\"\01\\\'\\'<}\\\:&c$mnK\果V\p\/\\*?\\К\\\<z4mu;Ă\\\vx\s\Hў\c)]\r3`\YxpK31q	Py\t\n\\4{aV 6]\.YOls\8h_\\GJ\\k0\'Sh\4\>\\Y\':\Ί	\\Xגy\oi?\U\]Z`Dvj\\r$,\\	\k\\5\0;H\Ԁr\\8q׋jW\\,\\J\o\\0m\Z|O[&\_mFmbi/&y8\\\\\d\\\"\N\\5g@ҏ5h\U>_\Zn{\ZEt&\\d\44ŀE\G\\ە/#.\Ưje}x\+\\.\ZfI$g~	f\~ZRNObWU\a\\c*._wX\\"isw\{gӽ\\\\\*}\a\j\I>\>\'Tb\m\]\37\\\VolU!\7\r\xT\\F0\*1^D׹\F@W\`wT⡸y\\>\E\0wG\]i\pU\\ᕾKonW{\rBm)\\v\\r8#\-kgD<sƂܫo23yr4\r>o\0\\\y\#ar\`\y\i\yy9W\\lu\*9\dN1W\k}I\\m\TFc$^OJ\Z}\\?ֳ\\[vݧ}\e\}%ǗmD\\a\(h\n\\q%5ը9Q\'\fk\'h\O-רu\Vg<dF]iş)$m\Y[rʡցT߸uEq\Vfj\\Vג[7\ݖNwN\\\\49c\\Ϣ\\p6E\'KH\\rT-Ǧ>2\\'\r\MvU}I\'\%\\ݴ\\{ozPKuI[̚6mL>\Z>\$\QkuW\ڰN6\g#\\>\:.i-QgIe\n\eh\\ף|8\\\r\)fr\eʾA\=\\N]Y\懶tK\N<~ֺ|3\̗Nn<\ZH	\|jreRp\h\Nk\rHϽ\E0\)?/=\S\\0h\m\\\%\jbc[l*\\em\0y\"_\y\m	\nqXpК\\n\\Vg{X,rA\\G\|\\\\p]JOp+\Z\\r\}ϭ,5\Qnu\nߵ\p\'Mk4\R\\eiY|\'Vw]#\\փ\0	5\7K	\\\9ԃ\n\p\pH\`\0\\W\w\6z^\ES\D;n`~y\nGxFo^\$5M}\Z\*\g \n[\g͏4\\3ϥ[m\0=\]7ekY\,ojZe\f\%x\b2)c;7<\\0\٧G\oTͨ;_\rbX\\-폗b\x!\L#i\ri;oZM\O\\/tԋMԦJݘjRVwPv\v?øzת]x\\zǂ.4J\y\!G|3\\	;\0ҷ\מ+Uj1\"\\\`\g\WòM#_il\\Z)4Qː@*J8S=\`fźq!\0W\v).n[=AQӛL3!\0\|)})nQ\5\_\Zω4WO \\#h\V\$V\*vm`J\\\\e{t{s(Z\껟C\\y\T\au_3F\8g\wk\\#/]?wqֽ\\O\\.5E\\\`\Rq_E\\L@\#\]B\Ilo\0q\<#\p@5\)hw\(k\K].e&jQs\˞ݸ\\V/¯ڇ­F]\'P\\?\^W\񟠮~h<=\q\tYp\ˏCRº/=\)\ie[YC\_JLZ{\trT\+௥/gov\O1J[\z\\\0:)q[\ڶL\^\̤\\\iD\V6\X\jp٫lk+6dW\}x\\7|3{\$\Z\\g\V<\m\Z!# gJg\\CQe]JK[!v#\g׵*W<m\nPN\\w\\	tcx\\!x	c<n\Ӣгh:\\H\x~\WG;\k\'\\v\9\[\\)l|F#y\)\\+\\ڴ\,n\\4x`0\'p \\\-\\\>fѰe\Ae\\xx\x\d?MG\[>\\O:Lu}YL0FbǶC\i^)\l|l\\\׶^f\:\r\08?խK\.&=Ɨ\\ dHbW>OUr\{\'o\\\Zg\\䵷ԥm\DZFƻ\\4oxEմ\\\0\:\\\??{){ǷZ{$I\-\\\ּ<m6n[\I\\\\\\qd{\x_z>4\M\j𯘶,\\.yyl#~<S4\\Z\gIuf\\E\\0\r\\O\W^ݴ9y\\>\^m\'Pu\un\Y3a\\Kؤ\-JTy]\Ϊ\\K\<\X\-\_lz\r&\Lmp9%s?/npǯ[\\gP}[隷\Ӷ\H\x$\i>\\ŭS\\2ٻCl\\ǁym6\ WKY\Zz%yDאI\8\0\퟊,u~˩*\0w\\\rKkxM\\D\\\Uc\l\zNnc(ћOkA\rIt\5\\\"]<˟.Ƞ\ݜc&\>$ja\Ỽ\\gy0i	\v*\\Ld\\\ײ]\׍$\p\m\0tv\okF\\\m\i;\4n:\ķ^\-\i#\\1t\\/|V\\\:#o\7s:7A$eSTFs\9\#I\0|\ܦM\d>\\tU\$m쵻G\__{\^/\\_R\\RAo\\h\\\W7VJrC/͵@Cƿ/\\\\0<ic\=簻\\2Wpud1ed\\"3V\W\\\u\'i\\*\x;\ _X\\0zŕ\&\-EԌR\\\\Z#\!VQ0P\/|\Qq\m\\µ%\~+gi4\o\\ׁ\n\\{;;i`\'1\\0lGTՂl\rnt[m\\\r73\\!#\nTPLpJbF\	Lm?7\u/\nNI\\\NV\\]\\\\\\R+Hy\\f\C>:f\t=_FS\n}\L2\p>fURO!Xh\S\]<\t\9\Zz~OӍ_\&?|1\}{ƶ\G\eaun҅HVD\O&BrAwlx\\r\V\\*\\ =n]R\L\\EikmP̧\r\Zx\\rCH]B\a\Mh\\O#u\	Pv w\\\\\6PRo\rQ\|W\\1P\	c㜃\;!{4=>߫A7,\jh\\Has:\	\mK.\2ҧY#ԗ\߷؇PG~\x+\A\N\-C^]J%h\{q+#ez*~2xGǚdj&\\Q\\-*y~\\}\rG{8\'xO靧\Gm\'ý7K\l%ڰkZ\\ͬ8\\\(\nzrO\r\jig\r\Ia\\\!?\\G\ 5_v\vmnu\"x#Ya7,zg޻\m\\z~ylm\\9SC{\re[ͪo\gZFulǾ=ѵKA&w:\\\s1F_1\#<yls\\>+/\0h|ѬVO\XOc}sի\0 \Ԡ<x~F9d \\xw\<)\W\3/\0Q5\\쭯59,ɽN1Bs\xYGo\\0\\\\kO\|\r\-j?|#\-\Z9#~\nz}\\\~g5Ito\$3Z_;ծ&\:^\Hv\y\{tZ\Z_&>&\<}\f\\uHΟorP\rgP\)+\I\\^\"\/\u\\u⋈Ls\\\Lp$\Bt(\\/u6\\\\>\^9\~xM3\QlL\0I9\j\0~	\Zo\\\\\:g^Ťc\nZ\\\7_|W\߲\j\Zֱ5\2\\l\*g?FV\9\uo6q[ھ\5-W\2X\jŇ͟cDh_}\\𷕦\{O\0\_<A\ym\\׋ږ\Z0\=\G]<_xMEi<\%ӭ\\0G-\Z.<Su@$\G/Eqr\'\*MA?\f0u	\"^q\\05\iR4_M\Y1x\Vyot\0\rnuD_O\Q\lӜ@\\[\z\|͢\-\3\g\\u\_Z^\r\n4=q\_P?t:ds\x}y\Mi\\\, Q\{ִ;08\n\\~\\\n<MKupW\'\Pq@\f\̫rwzq\委ޢ>T᾵1Qj\ͪ~o\\\{|-M7\\\c\"=3@ч5%G;h\ʃ޺\N\MZ\xǚ\P}0h\׎5K?\KE\!X}?\Z\ee|\jKy:\\}V5տt*5\\"j޷/A\Icj\_$\O_/Ηע\0~k\0bSOZ\r\^I{p]#ڛ\rU\Zt?\0<\*\\\\\]nꎀ|\\\\\v\2E\\0\\6Bŭ\,\S/\\V\[\\\%\\h\cUN\\l{zԱF<cn\\m\P}&KXdM\\8a\0\Kxn\0I<\d\+G\~n\+\[9hh\z7׵]񆡧F\\3\\0Ywn~\JqE\\\	\Kr\Kc\\s\\jI\<Jan1\\/J%\#XuFkW\\O\\"?\\\&\\	\n^v47\\0tN\<\\\Myf\ه_*?SWKTok$g-U\ggVxW\	,\=h.\dy\b(\.\ZjzPdPc2\-ުр\;\?x}j3g5{\Q\FOka\\43GħNzc\\׃-۰ow\\ێ*\Z얈V۝٭*ϥFX\\+\\Am\r^]}\!\}\V\<I_nI\\ˆ1+\Z\:dWѐI/%|\\0IYN\\ƛa%zo\\'T\RY&-/.[\'3Tẇ\Z\Ik\5ݩ\\n=|s\dz\#gs0_E4k\\\pɕU9O\ ~5m\\X\5m.R$\`\~5)\\䞇x\D\r񝖥\=j#Y\\bXG\"r?\]\\ϋ|Xn\'ٚMYm_dj@\c@\w.\\\\\ݮ,.ؤRyK=AGQ\qw+wǅ\դe\MK\\7u=+ы\ʔw_\?jM7◀-\\4/\%\=J\.f80\\y?hVy\\w\HјctU	\\+\\=y߇hb;Xnu\'T\r,,Q\\\z\\0\\\'R\m\\N额Z\gY0<\Ǩ\Y|տS5nTF?Ż[]V+\]\Q4\\\M(\'\1uf;s-q]E\\D\4}Ax;\ZɸDu)/4\U#w+޼c[\um\j6pä*\\C0Ϙ\&U$ȧjM6\9\\!\R \\Y\V\'\Gċ\1\\0^҄\Z\\s\|D\|Qo\LSN3hF\)<W\;Ld\r˷\\0c\ ֺk\\J/cx\+\m\ʎT9CX\]\\\\[O\\"\)uBž\͵@\cw\S[\?ZΓo4V72*i\Z#)e\?2!U\\\\r\*p~\/\Ǉs\\\ry\uqLmhd\"EBŸf@\0\017L\˵\\\"~o;,\0g(د\/~M6\욄\\D\\*(8z0\':\ö\kxw^\\\n-ǌrіYYCK\Za~;53|9\\y\Iӹ,>Rͻ~\\0>2\h6g\[h\\\\ۑ\\;w<\~$\zp۵B\(FFU\1\l0B\\\b\O/vD`\r\a\*3\\]u=rl}O\A\\"m/\z\\pu!>\Ï\E\"3\m[>\-u-8ï_R\m9/4\\x\\\)ې~U9\߄\\:1\i\$	41\8Ed`z\\\ELZ\Z<\\r֩ne\\}q\\6\<bBʢH\o\L\vy;\)\l|=B\\`\g\|\\ne\\0\\O\\t5^,\<s\\.-\`	W\\0#\_b_xv?Fͱ\"moJW\0\\n\^1\\\0u(E\#~!:CI\Z+RGq\\;\Pk\v\\Nǒ\M%Ey\Fs(\\ߏmK\0-\y\s75\)\\0熬u\E&;;v\\-\'W`\Ҽ\\\k(?|ob\Oy+*={EmMI뿣4}?Dm\r\ld,o\\?{U\VX4dd\"\/OL?R</\ W`\fT\貜Cp\n\\ċÞ\a\iGT\ɐM\\\GҺ-\0:}Қ!ǅM<eՁQ\cKl/\\D׈HY\hD7ڶtv ܮÜztF\zf՞\\\\\\IE\u1J\,-\.?\aEV\LwS\\,XL4bm/YOBLͰ\?Τ}6\x\-\V\0KٴБ\\ȭ#r7>irZF^	X\\\\\O\xnM\\SZ\\dSԵͪ,1q\?\Lr\ؖ=U\&e\0R{\aǔ>n_r\v0\\Bh^W\n~۝Jc?#F&@>L\jH#I$(ظcHwya\[1>\+kch\3m]Iq\'\Lѧ|E\\nk\nV)V&ю1\"\ƭE\\v\\\!Z\ԱF\\G\k\|\\ld9\\N(\fZ:t> ]M/5mREƂ\\\D\\\'=]/\'lkg\_iW¼\?#\jQ<ؼ;\\n \0CW\VHY\\"Gnercs\8\\JPaJ=\\Ne\495=1D69F2rU-8_^<\\\Z\_cp\^Szma\k\>;渙\IIR\\Y~`íU5x\ryv\Z\\!G|ğSDo{O\03\$kz65\\\\T{#i\\WM\۩]Sċjk\Z\z]1$\\+I#~D\\TkPffYfUf,\۹v;yu%*\\Uz\\C\$J);$Ck¡\\Z\\\2m\'nI$\\\X$Cr3\@\r\/鴈NW\6\\{\9\`?*j\Dҵ\8\i@\\\*nU9%&$\\9+ȡ\-n/?\F2b\zgEox\ׅ/\̺o$\rg4d\o!de\rW#>.<Ƿ\\r\\\;~ *޹<rqHC\\K,K\V,\\B+\{\\\E߃-\@Օ\ʚkxA$F:\vk\<E\:P\,a\5[\\\\\Yc\\\2r\Z8\\qK;*;]R-8WyO\\r8\Wpsד\Nj%\h\èY\ۼ7j\"y\\e\'<yW\\,->\\x\\(״C\\\\3$oit\60{ˁ$zW\o\\'\I!-xo3Ջ*s\i\b\KG\\bl\b,\\?Cߚж\\t与K$FKd\ʍJ\0#\4\r\\3O\=.9H\okpU\\-j\4\\5\>\\\8aN07\\0Wo:O}t6i	H-}3۹\\?)ǵp?>$j.Xg\O(0\\0O~5Q\ڝJV\\s\",ac#\;)ǥd\wc\w$\\"a\Z\\䞬~Ay#櫘w\L*\f8]\$\0	;ܷNqӊI|w~m\Ϸ@F;S\[\g?ͱX\\0kV[lb\\\\7g{<U{\\Zg-\'\\_[kK\A\n\\\\zQMr8\C\UF\%F\e\\J^If#Y0\0\?(L\E^ңO\_\7)6\\$ԛv4\6ۻ\ޚ::l\0\@͔REZ\0z/\\8\0X\0k5/L-ݽ;\0\\ҤDh{։\tf\p?c\T:\v	0h3\̮\\\nւ5$Uc0\5|\h\t\]1\|D\\B\x\\\\<\T\xqJ̲\F:g!~\\u\\1ia\\\Ϧ}EuWP\0\3L{\\ӽqײ4{YrA\Ҝ5o\UGʷƋB=O\\ESϓ\\6\\6\0-\_z30\\@EZN%\\|Un6(lISdrU\n;6d*:95@pA\[٭\,\+\\_\2)<7\r\\"\kF\E֍p\1c7\W9\=:\n\2\\\\j$Lw}uPq	7\\:n 2縥tFdPOʧWRMZ\+m~Ы8\ncݻ*\4\;U{\m\7=\0\Z.h\k2\\\:Q%\oc\|[qf9\ZK\s6ͤt`\0Ì;\Jk\[X&\ɞd~Fv,\p[\U\\\C1Z\\0-[i\f``r+7cPG\>!k\ukku[\N/$yϙq\Z\p~]֑$/q$7VWnYr17t\?JʳN\GR9S\R\-\\\ʱ7WB08lL!\OG\lbO\w^`Ekbgw\[i`q\c\#ZN\W\\Kc8\mn\ 	UO;K\o\\ tP\$\VyJ\~\Zk7Z4W3\*`(h\\\\.Vcs\\q\>0\^oL\\g\'\Ae\\\>E\񷄼OC\Tԭmm\\b$B\\"W\.NU8\\^sR\+Im\%Wwx\+;d:z\>\\Uŵ\Bd,\\\y\\*%MSj\\g*qݑ\^4\0HCQ5T\\\~먑@1\^\>U\\Zm!?(^\)o\n\`A\0\\\0\ͪ\\\\l丸\M>Uh\ZBc`\79ϮqcF\ dG*`1R\rc98\k\6Y\4k-r\P\\\֭\9\"0>`\x\X$\;И	\nB\0Z\[3iq\\\nv޼b4\hV*yM&\\\\{}\(N-\e\Z]SN\|Z\nڬw\\v5\|dw\\\\m.^\\\\\ʟ2\`\Bm|Y{J\DQPu$51:z\0F}\\Q\}lw{\\\"\\`Oy\r{/NE\Ka\Kq^\\\\tw,MFo6>ǹzW\\0\n\ھG\~\l.\v\?* 5qAb$Qyb\\K#\\4/m$o\]j\\0\\ZO涂L\<s0\#r\Z\\~$|\\tx\\*\\0!&\-n\"=FL\\U\SЂ<\Ěg\m{qo\ZͪXeF;\zcQ\,LHv\\\LqJ\49\iN[AgjgkV\\^TP\x\ɕ\\r\"^͎W?N+W\Zc\\֬Ce$gh\0\\}\Z\UV\\\\W]X!9w$t\\67\<\f46o\"1\"\\Ukdl\\\&\\ni\\G\Kg6\ZH2\\f\\\\~Ŗ\Zְ\hl\D-\\d<g\`7*xkɢ\D+,1\aSӷJ\\\i;\\c\Gҫ\4\\cY\\S\Ox\ri0MiZPdSF\威\Bm\06p|\ᾥ\(\GMtw\܅Y#V`Wo\0	\<W:PB\Y\'#u\\o\E\\\\?\n\U\\-}NJ\\Ik\M\Y;.|ȏL6|\>\m(n\\5\I\0\F+Ծ\nDSڿf\cmת\p%\\"\r\6\\0\U;5ti\r\NM4//f̃\\*oXb\#ݥKSth\Sr\\7wu!yc\qk%_eݼӯSX\VԸ\(\IxCē\KFOj۠ 1򲜩\\\i:\0cu`4W6_f\_7\w-i*\ڝ\kmg7ޛF1ְ4\+q[>*\\Mn--j\T\B\Iɶp\O*r}\n{_]C#ܭʱm\0\ד[x\G,k;FHكdu\kwR.w\>hC7\y\'9\'\\d\*\GkPA%\G+N\\TtWKa\\i2O,Jς~v\\\֕#KCF\\qWUj|18\0<rB\\~q\c7ufMe\\\\\"p\ZTXg=s~X_\!&մ晿/\\]\\\I\\\y;ƷB\3Y\\Gq\2LEPی?+\W9\}:)<\&\Y\'\\0#\kEi\O$^%C\6\+q%\\\i\\t\\\\펩tǶ\\m<bC\;+\\=d\\\s\"Gqq%\I\\\_O\\RkU\\p\V<os~\_\U\*t\Fwfm>\\V-\\0۟\0\\\\bo\V6\ui\6\?ݫ\|ɢ\|\lk\˾\Z\\\n[\l/[W\\\g\S3+s\\\\ݕk\A\Z\\nzg_B\'F֡{-\r	\ZD`0\j\`c\sZ\xd,\NOZFf\H\'Q\ݚ		$zuV-\\M\m\Uzb\n\Zv\\B\B\,\ٖ\\c?N\/\ݻkUP\ʪs=Nsm\\Ͼq\\Fݗ֪WZh\I.c\\gͺP\0\C\jxG\\;x\Jv\摩gb3ci3yc;cV\\\;\E\\\0\w+Q1PQ\\޼\\Vh7b\\k0\o\>]L\]\\^q\ɒ\\nJ\\0vn\Cnqֺ\\\\\8r\C܍\<w\\\ݣr0eI\L}F]\[MopF\֥jF8Q)\\=C\$K|\0:U[N#Vݚ\F\_t\\\\oQϥ\Rl\@\/\\R\rW\\]%œU9>\b\h\');
/*!40000 ALTER TABLE `libro` ENABLE KEYS */;
UNLOCK TABLES;

--
-- Table structure for table `localidad`
--

DROP TABLE IF EXISTS `localidad`;
/*!40101 SET @saved_cs_client     = @@character_set_client */;
/*!50503 SET character_set_client = utf8mb4 */;
CREATE TABLE `localidad` (
  `id` int NOT NULL AUTO_INCREMENT,
  `nombre` varchar(45) NOT NULL,
  PRIMARY KEY (`id`)
) ENGINE=InnoDB AUTO_INCREMENT=7 DEFAULT CHARSET=utf8mb4 COLLATE=utf8mb4_0900_ai_ci;
/*!40101 SET character_set_client = @saved_cs_client */;

--
-- Dumping data for table `localidad`
--

LOCK TABLES `localidad` WRITE;
/*!40000 ALTER TABLE `localidad` DISABLE KEYS */;
INSERT INTO `localidad` VALUES (1,'Casilda'),(2,'Pujato'),(3,'Cañada de Gomez'),(4,'Rosario');
/*!40000 ALTER TABLE `localidad` ENABLE KEYS */;
UNLOCK TABLES;

--
-- Table structure for table `pedido`
--

DROP TABLE IF EXISTS `pedido`;
/*!40101 SET @saved_cs_client     = @@character_set_client */;
/*!50503 SET character_set_client = utf8mb4 */;
CREATE TABLE `pedido` (
  `nroPedido` int NOT NULL AUTO_INCREMENT,
  `fecha` date NOT NULL,
  `estado` varchar(45) NOT NULL,
  `idCliente` int NOT NULL,
  PRIMARY KEY (`nroPedido`),
  KEY `idCliente_idx` (`idCliente`),
  CONSTRAINT `idCliente` FOREIGN KEY (`idCliente`) REFERENCES `cliente` (`id`) ON DELETE CASCADE ON UPDATE CASCADE
) ENGINE=InnoDB AUTO_INCREMENT=16 DEFAULT CHARSET=utf8mb4 COLLATE=utf8mb4_0900_ai_ci;
/*!40101 SET character_set_client = @saved_cs_client */;

--
-- Dumping data for table `pedido`
--

LOCK TABLES `pedido` WRITE;
/*!40000 ALTER TABLE `pedido` DISABLE KEYS */;
INSERT INTO `pedido` VALUES (4,'2021-04-12','finalizado',1),(5,'2021-07-20','finalizado',2),(6,'2021-07-15','cancelado',2),(10,'2022-01-05','cancelado',2),(13,'2022-01-08','finalizado',2),(14,'2022-01-10','finalizado',2),(15,'2022-01-14','reservado',2);
/*!40000 ALTER TABLE `pedido` ENABLE KEYS */;
UNLOCK TABLES;

--
-- Table structure for table `pedido_libro`
--

DROP TABLE IF EXISTS `pedido_libro`;
/*!40101 SET @saved_cs_client     = @@character_set_client */;
/*!50503 SET character_set_client = utf8mb4 */;
CREATE TABLE `pedido_libro` (
  `nroPedido` int NOT NULL,
  `idLibro` int NOT NULL,
  PRIMARY KEY (`nroPedido`,`idLibro`),
  KEY `FK_libroo_idx` (`idLibro`),
  CONSTRAINT `FK_libroo` FOREIGN KEY (`idLibro`) REFERENCES `libro` (`id`) ON DELETE CASCADE ON UPDATE CASCADE,
  CONSTRAINT `FK_pedido` FOREIGN KEY (`nroPedido`) REFERENCES `pedido` (`nroPedido`) ON DELETE CASCADE ON UPDATE CASCADE
) ENGINE=InnoDB DEFAULT CHARSET=utf8mb4 COLLATE=utf8mb4_0900_ai_ci;
/*!40101 SET character_set_client = @saved_cs_client */;

--
-- Dumping data for table `pedido_libro`
--

LOCK TABLES `pedido_libro` WRITE;
/*!40000 ALTER TABLE `pedido_libro` DISABLE KEYS */;
INSERT INTO `pedido_libro` VALUES (5,1),(14,1),(4,2),(14,2),(15,22);
/*!40000 ALTER TABLE `pedido_libro` ENABLE KEYS */;
UNLOCK TABLES;
/*!40103 SET TIME_ZONE=@OLD_TIME_ZONE */;

/*!40101 SET SQL_MODE=@OLD_SQL_MODE */;
/*!40014 SET FOREIGN_KEY_CHECKS=@OLD_FOREIGN_KEY_CHECKS */;
/*!40014 SET UNIQUE_CHECKS=@OLD_UNIQUE_CHECKS */;
/*!40101 SET CHARACTER_SET_CLIENT=@OLD_CHARACTER_SET_CLIENT */;
/*!40101 SET CHARACTER_SET_RESULTS=@OLD_CHARACTER_SET_RESULTS */;
/*!40101 SET COLLATION_CONNECTION=@OLD_COLLATION_CONNECTION */;
/*!40111 SET SQL_NOTES=@OLD_SQL_NOTES */;

-- Dump completed on 2022-01-14 19:36:59
